Study_ID,DOI,Journal,Publication_Year,Study_Design,First_Author_Affiliation_Country,Study_Data_Geography,Population,Cases_N,Controls_N,Total_N,Comparator,Clinical_Task,Cancer,Reference_Standard,Data_Family,Omics_Layer,Specimen,Platform,Raw_Features,Final_Features,SVM_Role,SVM_Kernel,SVM_Hyperparameters,Feature_Selection,Feature_Selection_Timing,Other_Models,Training_N,Internal_Validation_N,External_Validation_N,Validation_Method,Validation_Category,Split_Independence,Reported_Key_SVM_Performance,Best_Model,SVM_vs_Others,Calibration,Decision_Curve_or_Utility,Leakage_Overfitting_Concerns,Demographics_or_Fairness,Clinical_Comparator,Deployment_Status,Data_or_Code_Availability,Study_Notes,Evidence_Locations
S001,10.3389/fonc.2022.790645,Frontiers in Oncology,2022,Prospective case-control diagnostic study,United States,United States,10 untreated lung-cancer cases and 20 controls,10,20,30,Healthy controls,Cancer detection,Lung cancer,Clinical cancer diagnosis; details in supplementary table,Molecular omics,Epigenomics,Blood cfDNA,Illumina MethylationEPIC,Genome-wide CpGs,"5, 10, or 20 CpGs",One of several final classifiers,NR,Caret optimization; exact C/gamma not reported,GWAS filtering; AI variable importance; PCA,Timing relative to resampling unclear,RF; GLM; PAM; LDA; deep learning,24,6,0,"Repeated 80/20 split, 10-fold CV, bootstrap",Internal only,Participant-level split; repeated random splits,AUC=1.00 (0.90-1.00); sensitivity=0.94; specificity=1.00,Several models tied at AUC 1.00; DL sensitivity/specificity 1.00,SVM tied on AUC,No,No,n=30; 10 cases; age imbalance; possible pre-resampling marker selection; no external validation,All participants Caucasian; cases younger than controls,None,Retrospective model evaluation only,NR,Use cautious wording for perfect AUC.,Methods pp.3-4; Tables 1-2 pp.4-5
S002,10.1038/s41598-018-23585-y,Scientific Reports,2018,Retrospective multicohort case-control diagnostic study,Germany,Germany/European source cohorts,Discovery 1420; independent validation 635,969,1086,2055,"Healthy, benign, and inflammatory controls",Cancer detection,Five solid-tumor types,Previously established clinical diagnoses in source cohorts,Molecular omics,Proteomics,Urine,CE-MS,Urinary peptide profiles,193 peptides,Primary final classifier,RBF-type SVM parameters reported,C=4.096; gamma=0.0064; epsilon=0.001,Repeated statistical filtering with BH correction,Performed in discovery set,Logistic-regression nomograms,1420,NA,635,Independent cohort validation,External only,Independent validation cohort,AUC=0.82 (0.79-0.85); sensitivity=0.69; specificity=0.81,Age+SVM-score nomogram AUC=0.85,Clinical-variable nomogram slightly improved AUC,No,No,Heterogeneous cancers and controls; case-control spectrum,Age and sex reported by cancer subgroup; fairness not assessed,Age and selected clinical markers,External validation only,NR,Useful for external-validation subgroup.,Results p.3; Tables 1-2 pp.5-6; Methods p.9
S003,NR,Conference/proceedings paper,2005,Secondary analysis of public gene-expression datasets,Italy,Dataset origins NR,Colon diagnostic n=62; medulloblastoma prognostic n=60,40,22,122,Normal tissue; survivors vs treatment failures,Diagnostic and prognostic,Colon adenocarcinoma; medulloblastoma,Dataset labels from original studies,Molecular omics,Transcriptomics,Tissue gene expression,DNA microarray,2000,Random subspace sizes varied,Component of ensemble or hybrid model,Linear,NR,Random gene-subspace sampling,Within CV unclear,Single linear SVM,NR,NA,0,5-fold cross-validation,Internal only,Sample-level CV; independence not described,Single SVM test error 17.74% +/- 10.87%; ensemble better but exact value NR,Random-subspace SVM ensemble,Ensemble better than single SVM,No,No,Small n; p>>n; no external validation; mixed diagnostic/prognostic tasks,NR,None,Method-development only,NR,Do not pool prognostic medulloblastoma results with diagnostic studies.,Experimental results pp.3-4
S004,10.1021/jasms.3c00403,Journal of the American Society for Mass Spectrometry,2024,Secondary analysis of two published datasets,United States,RCC NR; OC South Korea,RCC 82/174; OC 208/117,290,291,581,Healthy controls; other gynecological cancers,Multiple tasks,Renal cell carcinoma; ovarian cancer,Source-dataset diagnostic labels,Molecular omics,Metabolomics,Urine; serum,Published metabolomics/lipidomics datasets,7,7,One of several final classifiers,NR for standalone SVM,Scikit-learn default parameters,Predefined biomarker panels; SMOTE for OC training,Data split before autoscaling/SMOTE,RF; kNN; Auto-sklearn,RCC 80%; OC 227,RCC 20%; OC 98,0,Held-out same-dataset tests; 5-fold CV on training,Internal only,Same source datasets; no external cohort,RCC AUC 0.93; OC AUC 0.82,AutoML AUC 0.97 RCC and 0.85 OC,Alternative model performed better,No,No,No external validation; standalone SVM not tuned; small-to-moderate datasets,OC Korean descent noted; subgroup fairness not assessed,None,Retrospective model development only,Public code and data on GitHub reported,Correct earlier false label of external validation.,Methods pp.3-4; Table 1 p.5
S005,NR,Journal of Experimental Therapeutics and Oncology,2007,Prospective sample collection with case-control model development,Brazil,Brazil,30 Hodgkin lymphoma cases and 30 healthy donors,30,30,60,Healthy controls,Cancer detection,Hodgkin lymphoma,Histopathology/WHO classification,Molecular omics,Proteomics,Serum,ESI-QTOF mass spectrometry,400-1200 m/z spectra,8 m/z peaks,Primary final classifier,NR,SVMlight; exact parameters NR,SVM-RFE,Likely before LOO; nesting not demonstrated,None,LOO,LOO,0,LOOCV; duplicate-spectrum reproducibility,Internal only,Duplicate spectra are repeated measurements from same participants,"Accuracy, sensitivity, and specificity all 1.00 in LOO",SVM-RFE,No alternative model comparison,No,No,Potential feature-selection leakage; no external participants; perfect performance,Basic clinical characteristics limited; fairness not assessed,None,Method-development only,Scripts/database available on request,"Treat duplicate spectra as reproducibility, not external validation.",Methods pp.3-4; Discussion p.7
S006,10.1158/1940-6207.CAPR-13-0407,Cancer Prevention Research,2014,Matched case-control validation/model-development study,United States,United States,24 colon-cancer patients and 24 matched controls,24,24,48,Non-cancer controls,Cancer detection,Colon cancer,Cancer diagnosis and colonoscopy/pathology context,Molecular omics,Epigenomics,Normal colon mucosa,Custom Illumina Veracode array,96,18,Primary final classifier,NR,NR,SVM-RFE,Repeated CV within 40 training samples,None,40,8,0,Repeated 10-fold CV plus held-out 20% test,Internal only,Held-out participants from same cohort,"Test accuracy 1.00; training sensitivity 0.96, specificity 1.00",18-CpG SVM,No alternative classifier comparison,No,No,Small test n=8; discovery-informed candidates; prior cohort not a locked-model external validation,Age/sex matching reported; no fairness analysis,None,Model-development only,NR,Earlier Infinium results should not be counted as external validation of the same model.,Methods pp.3-4; Results pp.5-6
S008,10.14309/ctg.0000000000000548,Clinical and Translational Gastroenterology,2023,Retrospective nested case-control study,United States,United States,Prediagnostic CT scans from KPSC; non-CP and CP groups,347,694,1041,Matched cancer-free controls,Early detection or screening,Pancreatic ductal adenocarcinoma,Cancer registry/histology codes,Imaging-derived data,Not conventional omics,CT images,CT radiomics,111,NCA: 5/2 QIFs; PCA: 19/12 components,Primary final classifier,Gaussian; linear; sigmoid,Two hyperparameters tuned by 5-fold CV,NCA and PCA,Training data only,None,519,522,0,Separate 50/50 internal splits; 5-fold tuning,Internal only,No overlap between train/validation; same healthcare system,Non-CP PCA/Gaussian AUC 0.988; CP AUC 1.00,PCA-based conditional SVM,No alternative classifier comparison,No,Manual radiologist comparison,No external validation; CP subgroup smaller; perfect results,Race/ethnicity and sex reported; no subgroup fairness metrics,Blinded expert radiologist review,Internal validation only,NR,Useful omics-adjacent subgroup; avoid claiming clinical deployment.,Methods pp.2-3; Table 2 p.7; limitations p.9
S009,10.1016/j.jpha.2020.11.009,Journal of Pharmaceutical Analysis,2021,Single-center case-control diagnostic study,China,China,88 ESCC cases and 52 healthy controls,88,52,140,Healthy controls,Cancer detection,Esophageal squamous cell carcinoma,Histopathologic confirmation,Molecular omics,Metabolomics,Plasma,UPLC-Q Exactive Orbitrap LC-MS,Untargeted ions; 12 annotated metabolites,Ranked metabolite subsets,One of several final classifiers,Linear,cost=3; 16 support vectors,Differential-metabolite filtering and model importance ranking,Performed in training set,PLS; RF; GBM,100,40,0,Repeated 5-fold CV for training; held-out test,Internal only,Same-center held-out participants,AUC 0.979; accuracy 0.980; sensitivity 0.960; specificity 1.000,SVM highest accuracy; GBM AUC 1.000,SVM performed best on accuracy,No,No,No external validation; small single-center cohort,Age/sex matching reported; no subgroup fairness metrics,Single-metabolite ROC models,Internal test only,NR,Separate diagnostic results from survival analysis.,Methods pp.2-3; Table 3 p.6
S010,10.1007/s11306-019-1609-z,Metabolomics,2019,Prospective diagnostic study with random internal split,Taiwan,Taiwan,54 eligible women from 100 screened,21,33,54,Benign and non-cancer gynecological controls,Cancer detection,Endometrial cancer,Final pathology,Molecular omics,Metabolomics,Cervicovaginal fluid,600-MHz proton NMR,29,3,One of several final classifiers,NR,NR,"PLS-DA/VIP, MCCV, common top features across methods",Whether all feature selection was confined to training is unclear,RF; PLS-DA; logistic regression; ANN,45,9,0,Random 45/9 split; LOOCV/MCCV in development,Internal only,Same prospective cohort,Test accuracy 0.78; sensitivity 0.75; specificity 0.80; test AUC NR,RF and SVM tied on accuracy; RF training AUC higher,SVM comparable,No,No,Test n=9; very wide CIs; possible feature-selection optimism,Age and clinical factors reported; no subgroup fairness metrics,None,Internal test only,NR,"Correct earlier classification: this is molecular metabolomics, not omics-adjacent.",Methods pp.2-3; Table 4 p.8
S012,10.1364/OE.26.028661,Optics Express,2018,Single-center case-control spectroscopy model-development study,China,China,60 nasopharyngeal carcinoma cases and 100 healthy controls,60,100,160,Healthy controls,Cancer detection,Nasopharyngeal carcinoma,Clinical/pathological diagnosis as reported; detail limited,Spectroscopy-derived data,Not conventional omics,Serum,Visible-near-infrared hyperspectral imaging,950 spectral bands,10 weighted principal components,Primary final classifier,Linear,C=32 selected by grid search with five-fold CV,PCA and class-specific weighted PCA,Timing relative to repeated train-test splitting is unclear,SID; SAM; ANN; PCA-SVM variants,80,80,0,Repeated random 50/50 split 500 times; five-fold CV tuning,Internal only,Same-cohort random sample split,WPCA-SVM AUC=0.982; accuracy=0.9915; sensitivity=0.9879; specificity=0.9936,WPCA-SVM,SVM variant performed best,No,No,Feature weighting/selection may not have been nested in every split; no external validation,Demographic details limited; fairness not assessed,No clinical comparator,Method-development only,MATLAB/LIBSVM reported; data/code NR,Treat as spectroscopy/omics-adjacent rather than molecular omics.,Methods PDF pp.2-5; Tables 2-4 PDF pp.7-9
S013,10.1266/ggs.21-00072,Genes & Genetic Systems,2022,Secondary public-dataset analysis with small serum protein study,China,China,GSE110224: 17 CRC/17 normal tissues; protein array: 12 CRC/12 healthy sera,29,29,58,Normal tissue and healthy serum,Diagnostic and prognostic,Colorectal cancer,Dataset labels and clinical CRC diagnosis; exact blinding NR,Molecular omics,"Transcriptomics and proteomics, analyzed separately",Tissue gene expression and serum,GPL570 microarray; Human Cytokine Array C1000,Genome-wide genes; 120 proteins,1,Primary final classifier,NR,NR,Differential-expression filtering and overlap to CCL26,Performed on complete datasets before SVM performance assessment,None reported,NR,NA,0,No resampling or independent validation reported,No validation,Same data used for marker selection and apparent performance,AUC=0.878 in GEO data; AUC=0.743 in protein data,SVM using CCL26,SVM was not compared with alternatives,No,No,Severe resubstitution/selection bias; very small samples; mixed diagnostic/prognostic analyses,Demographics NR; fairness not assessed,None,Exploratory model development only,GEO accession reported; code NR,Use in descriptive synthesis but not as validated performance.,Methods/Results PDF pp.2-6
S014,10.1080/15384101.2021.1903208,Cell Cycle,2021,Two-stage case-control biomarker study with pooled internal split,China,China,Initial 12 CRC/12 healthy plus verification 34 CRC/34 healthy,46,46,92,Healthy controls,Diagnostic and prognostic,Colorectal cancer,Clinical/pathologic CRC diagnosis; exact blinding NR,Molecular omics,Proteomics,Serum,Human Cytokine Array C1000,120,6,Primary final classifier,Sigmoid,Default e1071 parameters,Differential-protein screening and selection of six proteins,Likely performed before pooled 7:3 train-test split,None reported,65,27,0,Ten-fold CV plus random 7:3 same-cohort test split,Internal only,Same pooled cohorts; no independent center,AUC=0.933,Six-protein sigmoid SVM,No alternative classifier comparison,No,No,Probable feature-selection leakage; small same-center sample; no external validation,Demographics limited; fairness not assessed,None,Internal validation only,R/e1071 reported; data/code NR,Separate diagnostic SVM results from prognostic biomarker analyses.,Methods PDF pp.2-4; Results PDF pp.5-7
S015,10.3324/haematol.2019.226647,Haematologica,2020,Retrospective multicenter molecular subtype-classification study,France,France/European multicenter cohorts,230 PTCL classification samples plus 40 FFPE specimens for three-laboratory reproducibility,270,0,270,Different lymphoma subtypes,Cancer subtype classification,Peripheral T-cell lymphoma,Expert histopathology/WHO classification with molecular characterization,Molecular omics,Transcriptomics,Frozen and FFPE lymphoma tissue,Targeted RT-MLPA,41 probes covering 20 genes and selected EBV/RHOA/IDH2 markers,20-marker signature,Primary final classifier,NR,NR,Unsupervised hierarchical clustering defined six molecular classes,Class definition and model construction used the same 184 specified PTCL cases,Hierarchical clustering,184,NR,0,100 repeated two-thirds/one-third series; 40 same specimens tested in three laboratories,Internal only,Repeated sample-level validation; inter-lab test used identical specimens,Accuracy=140/153=0.915 for specified PTCL; inter-lab concordance=36/40=0.90,Targeted RT-MLPA SVM classifier,No alternative supervised classifier comparison,No,No,Potential circularity from deriving classes and fitting classifier in same cohort; no independent patient cohort,Clinical/demographic subgroup fairness not reported,Expert histopathology and immunophenotyping,Analytical reproducibility evaluation,Public RT-MLPA web interface reported,Do not count laboratory reproducibility as external clinical validation.,Methods PDF pp.2-3; Results PDF pp.6-8
S016,10.1186/1746-1596-7-45,Diagnostic Pathology,2012,Single-center case-control peptidomics study,China,China,74 breast cancer cases and 72 healthy volunteers,74,72,146,Healthy controls,Cancer detection,Breast cancer,Clinical breast-cancer diagnosis; details limited,Molecular omics,Proteomics,Serum,IMAC magnetic beads and MALDI-TOF-MS,Approximately 70 common peaks; 24 significant peaks,3,Primary final classifier,NR,NR,ClinProt peak filtering and SVM pattern selection,Performed in model-construction group; exact nesting within CV unclear,None reported,73,73,0,Cross-validation in development and blinded random held-out test,Internal only,Both groups randomly split from the same source cohort,Held-out accuracy=0.9178; sensitivity=0.9189; specificity=0.9167,Three-peak SVM,SVM outperformed CA15-3 in the same held-out group,No,No,Author-termed external group is internal; small case-control cohort; no independent site,Age/stage described; fairness not assessed,CA15-3,Internal test only,ClinProt software; data/code NR,Reclassify the claimed external evaluation as internal validation.,Methods PDF pp.2-4; Results/Table 2 PDF pp.4-6
S017,10.1007/s00432-010-0775-1,Journal of Cancer Research and Clinical Oncology,2010,Single-center case-control proteomics study with blind internal test,China,China,124 breast cancer cases; 98 benign breast disease; 60 healthy controls,124,158,282,Healthy and benign controls,Cancer detection,Breast cancer,Pathology independently confirmed by two pathologists,Molecular omics,Proteomics,Serum,SELDI-TOF-MS; LC-MS/MS for identification,SELDI peak profiles,3,Primary final classifier,RBF,gamma=0.6; cost=19,Peak filtering and random marker combinations maximizing Youden index,Feature selection performed in training set,None reported,120,162,0,LOOCV in training plus same-center blind held-out test,Internal only,Participant-level random split from one center,Blind-test AUC=0.972; sensitivity=0.9645; specificity=0.9487; PPV=0.960,Three-protein RBF SVM,No alternative classifier comparison,No,No,"Case-control spectrum and no independent external validation, although selection was training-only",All female; age/stage described; no subgroup fairness metrics,None,Internal test only,ProteinChip software; data/code NR,Blind test is not external validation.,Methods PDF pp.2-3; Results PDF pp.6-7
S018,10.3390/cancers15041166,Cancers,2023,Multicenter case-control development and validation study,Germany,Spain and Austria,Cordoba discovery n=413; Cordoba first validation n=410; Innsbruck second validation n=147,424,546,970,Biopsy-negative non-PCa etiologies,Cancer detection,Prostate cancer,TRUS-guided biopsy histopathology,Molecular omics,Proteomics,Urine before biopsy without DRE/prostate massage,CE-MS,Urinary peptide profiles,181,Primary final classifier,SVM/MosaCluster,C=16; gamma=0.01,"Wilcoxon testing, frequency threshold, BH correction, and progression correlation",Performed in discovery cohort,"Diagnostic nomograms with PSA, PSAD, age, and ERSPC",413,410,147,Cross-validation; random same-center validation; independent second-center sensitivity validation,Internal and external,Discovery/first validation random split; second center independent but contained only cases,"First validation AUC=0.81 (0.77-0.85), sensitivity=0.93, specificity=0.69; external-site sensitivity=0.837",Clinical+proteomic nomogram AUC about 0.85-0.86,SVM outperformed PSA/PSAD/ERSPC; nomogram modestly improved AUC,No,Decision-curve analysis showed net benefit at lower thresholds,External site lacked controls; first validation was same-center random split; proprietary model,Clinical characteristics reported; no demographic fairness analysis,PSA; PSA density; ERSPC risk calculator,External validation and analytical reproducibility,Normalized proteomics and clinical data at Zenodo DOI 10.5281/zenodo.7583241; proprietary MosaCluster,External evidence supports sensitivity only; do not call external AUC/specificity.,Methods PDF pp.5-7; Results PDF pp.8-12; Data statement PDF p.19
S019,10.1007/s00345-022-04077-1,World Journal of Urology,2022,Retrospective independent validation of a locked urinary biomarker model,Germany,Austria,147 biopsy-confirmed PCa patients: 48 clinically significant and 99 insignificant,48,99,147,Clinically insignificant PCa,Cancer stage classification,Prostate cancer,TRUS-guided biopsy histopathology and Gleason score,Molecular omics,Proteomics,Urine before biopsy without DRE,CE-MS,19,19,Primary final classifier,SVM/MosaCluster,Predefined cutoff -0.07; model parameters inherited from prior study,Predefined 19-peptide panel,Locked before this validation cohort,"Diagnostic nomograms with PSA, PSAD, age, and ERSPC",NA,NA,147,Independent external validation of the prior 19-BM,External only,Independent Innsbruck cohort relative to prior model development,AUC=0.803 (0.73-0.86); sensitivity=0.875; specificity=0.646; NPV=0.918; PPV=0.550,All-variable nomogram AUC=0.88; 19-BM alone AUC about 0.80-0.82 in subsets,Nomograms had slightly higher AUC; differences versus 19-BM were mostly not significant,No,Decision-curve analysis reported,All participants already had PCa; retrospective cohort; subtype/risk task rather than cancer detection,Age and risk groups reported; no fairness analysis,PSA; PSA density; ERSPC,External validation of locked model,MosaCluster score software; raw data/code availability NR,Do not pool with cancer-vs-non-cancer detection studies.,Methods PDF pp.2-3; Results PDF pp.3-7
S020,10.1080/13547500802012858,Biomarkers,2008,Single-center case-control metabolomics study,Germany,Germany,113 female breast cancer cases and 99 healthy female controls,113,99,212,Healthy controls,Cancer detection,Breast cancer,Clinical breast-cancer diagnosis; exact reference standard NR,Molecular omics,Metabolomics,Urine,Affinity extraction plus LC-ion-trap MS,37,31,Primary final classifier,RBF,Exact C/gamma NR; all tuning performed within each LOO training set,SVM-RFE; 11 features repeatedly selected,"Scaling, tuning, and RFE performed within each LOO training fold",PCA visualization/comparison,NA,NA,0,Nested leave-one-out cross-validation,Internal only,Each participant left out once; no external cohort,"31-feature sensitivity=0.8767, specificity=0.8990; nested-RFE sensitivity=0.8939, specificity=0.8889",RBF SVM; full and RFE versions comparable,No supervised alternative model comparison,No,No,No external validation; case-control spectrum and age-range differences; otherwise good nesting practices,All female; age ranges differed; no subgroup fairness analysis,CA15-3 benchmark from literature,Internal validation only,MATLAB and LIBSVM reported; data/code NR,"Correct prior classification: metabolomics single-omics, not multi-omics.",Methods PDF pp.4-8; Results PDF pp.9-13
S021,10.1038/srep16351,Scientific Reports,2015,Case-control serum metabolomics model-development study,United States,United States and Canada,46 stage I/II serous epithelial ovarian cancer patients and 49 age-matched healthy controls,46,49,95,Healthy controls,Early detection or screening,Early-stage ovarian cancer,Histopathologic/clinical diagnosis; exact blinding NR,Molecular omics,Metabolomics,Serum,UPLC-high-resolution mass spectrometry,255,16,Primary final classifier,Linear,liblinearSVM; other parameters NR,SVM-RFE from 255 filtered features to 16 metabolites,Feature ranking repeated within inner LOOCV; autoscaling described before SVM-RFE and may have used all samples,oPLS-DA after SVM selection,94,NA,0,Nested leave-one-out cross-validation,Internal only,One participant omitted per fold; no external cohort,Accuracy=1.00; sensitivity=1.00; specificity=1.00 for 16-metabolite panel under LOOCV,16-metabolite linear SVM,No fair alternative classifier comparison,No,No,Perfect performance; small sample; no external validation; possible scaling leakage; high feature-to-sample ratio,All participants reported as Caucasian; authors noted need for greater racial/ethnic diversity,None,Internal validation only,Supplementary metabolite tables reported; in-house/liblinear code not publicly deposited,Use in sensitivity analysis excluding perfect-performance studies.,Abstract/Results PDF pp.1-2; Methods PDF pp.4-5
S023,10.18632/oncotarget.22601,Oncotarget,2017,Prospective multicenter diagnostic study using FNAB material,Germany,Germany and Italy,"113 prospectively collected FNAB samples: 41 PDAC, 33 chronic pancreatitis, and 39 other pancreatico-biliary tumors",80,33,113,Chronic pancreatitis and other benign pancreatic masses,Differential diagnosis,PDAC and other pancreatico-biliary malignancies,Histopathology of resected tissue,Molecular omics,Transcriptomics; mRNA and miRNA,Fine-needle aspiration biopsy,Custom microfluidic TaqMan array card,88,77,Primary final classifier,Linear,Cost=1,TNoMcw marker ranking,Marker ranking and classifier fitting repeated inside each training fold,miRNA-only SVM,74,NA,0,Repeated 10 x 10-fold cross-validation,Internal only,Patient-level internal resampling; no external cohort,Accuracy=0.930; sensitivity=0.917; specificity=0.945 for PDAC vs chronic pancreatitis,Combined 77-marker mRNA/miRNA linear SVM,Combined model outperformed miRNA-only SVM,No,No,No external validation; selected surgical/suspected-mass spectrum; otherwise feature selection was properly nested,Demographic detail limited; no fairness analysis,Histopathology and clinical workup,Internal validation only,Assay design and marker lists reported; code/data NR,"Under a strict definition, mRNA and miRNA are both transcriptomic layers; flag multi-omics classification as convention-dependent.",Abstract PDF p.1; Results PDF pp.4-7; Methods PDF pp.12-13
S025,NR,Technology in Cancer Research & Treatment,2006,Secondary analysis of public serum proteomic case-control datasets,United States,United States,Ovarian dataset: 162 cancer and 91 controls; prostate dataset: 69 cancer and 63 controls,231,154,385,Non-cancer controls,Early detection or screening,Ovarian and prostate cancer,Public dataset labels; original clinical standards NR,Molecular omics,Proteomics,Serum,SELDI-TOF mass spectrometry,15154,15154,Primary final classifier,Linear; polynomial; radial,SVMLight 3.5; exact parameters NR,MIT correlation/signal-to-noise feature ranking and varying feature subsets,Timing relative to CV unclear; best models used all features,None reported,NA,NA,0,Stratified 10-fold cross-validation,Internal only,Sample-level folds within each public dataset; no external cohort,"Ovarian linear SVM accuracy=0.97, sensitivity=0.99, specificity=0.92; prostate polynomial SVM accuracy=0.82, sensitivity=0.79, specificity=0.87",Linear SVM for ovarian; polynomial SVM for prostate,Kernel comparison only,No,No,No external validation; very high dimensionality; preprocessing and feature-ranking nesting unclear,Demographics NR; no fairness analysis,None,Internal validation only,Public Clinical Proteomic Program datasets; SVMLight reported; code NR,Use only validation-level performance; do not treat kernel comparisons as external evidence.,Methods/Results PDF pp.2-4
S027,10.1021/acs.jproteome.0c00663,Journal of Proteome Research,2021,Two-institution case-control serum lipidomics study with internal held-out testing,Argentina,Argentina,112 ccRCC and 52 healthy controls in main task; 16 chromophobe and 8 papillary RCC used for exploratory subtype assessment,112,52,188,Healthy controls,Early detection or screening; stage classification,Clear cell renal cell carcinoma,Histopathology for RCC; healthy-control definition reported clinically,Molecular omics,Lipidomics,Serum,UPLC-QTOF mass spectrometry,386,16,Primary final classifier,Nonlinear; exact kernel in supplement/NR in main text,Parameters NR in main text,Coupled LASSO and SVM feature selection,Training-only selection with separate tuning-validation; final test remained untouched,LASSO-coupled models,80,84,0,"Training n=80, tuning validation n=14, held-out same-cohort test n=70",Internal only,Same overall cohort; participant-level separation but not institutionally external,"Test AUC=0.90, accuracy=0.771, sensitivity=0.75, specificity=1.00 for 16-lipid panel",16-lipid SVM; 7-lipid panel test AUC=0.82,No direct alternative classifier comparison,No,No,No true external validation; case-control design; stage test contained only stage-I cases; performance drop from training to test,Age/sex and clinical stage reported; no fairness subgroup performance,None,Internal held-out testing only,Supplementary methods/data reported; code availability NR,"Reclassify authors’ independent test as internal, not external.",Abstract PDF pp.1-2; Methods/Results PDF pp.4-8; supplementary references pp.11-12
S028,10.3390/genes14101836,Genes,2023,Secondary analysis of TCGA and GEO transcriptomic datasets with multiple classifiers,India,Public TCGA and GEO datasets,TCGA-CRC: 644 tumors/51 normals; GSE50760: 36 tumors/18 normals; GSE142279: 20 tumors/20 normals,700,89,789,Normal colorectal tissue,Early detection or screening,Colorectal cancer,Public dataset labels; original pathology standards NR,Molecular omics,Transcriptomics,Colorectal tissue data,RNA-seq and microarray datasets,23187 and 35238 before filtering,3,One of several final classifiers,NR,NR,Filtering; SMOTE; LASSO; intersection of signatures,SMOTE/LASSO appear to precede a clearly documented independent split,Random forest; logistic regression; naive Bayes; AdaBoost; LASSO,NR,NR,40,SVM results in TCGA/GSE50760; GSE142279 external evaluation performed with random forest,No validation,No clear SVM holdout; external dataset does not validate SVM,TCGA SVM accuracy=1.00; GSE50760 SVM accuracy=0.934; validation level unclear/apparent,Random forest achieved 1.00 accuracy in GSE142279,Alternative external model performed better/was the only externally evaluated model,No,No,Likely preprocessing/SMOTE/selection leakage; perfect SVM accuracy; no independent SVM validation,Demographics NR; no fairness analysis,None,Retrospective model development only for SVM,TCGA and GEO accessions reported; code NR,External gene/RF results must not be assigned to SVM.,Methods PDF pp.2-3; Results PDF pp.5-6; Discussion PDF pp.12-14
S029,10.1093/bioinformatics/btp558,Bioinformatics,2009,Case-control urinary metabolomics classifier informed by public tissue transcriptomics,South Korea,Korea; public tissue datasets,50 breast cancer patients and 50 healthy women; public tissue datasets used only for pathway discovery,50,50,100,Healthy controls,Early detection or screening,Breast cancer,Clinical diagnosis; exact pathology/blinding NR,Molecular omics,Metabolomics in final model; transcriptomics used upstream,Urine; public breast tissue data,Urinary GC-MS and tissue microarrays,Candidate metabolites from altered pathways,4,One of several final classifiers,NR,NR,Transcriptomic pathway analysis; metabolite filtering; four-marker selection,Candidate/feature selection appears to use the full cohort before repeated splitting,Linear discriminant analysis; random forest,80,20,0,1000 repeated 80:20 train-test splits with five-fold CV in training,Internal only,Participant-level repeated splits from the same cohort,"SVM test AUC=0.79; approximate accuracy=0.70, sensitivity=0.80, specificity=0.60",SVM and random forest both AUC=0.79,SVM was comparable with random forest,No,No,Potential feature-selection leakage; no external cohort; modest sample size,All participants female; other demographic/fairness analysis NR,None,Internal validation only,Public GEO datasets; urine data/code availability NR,"Final predictive model is metabolomics-only; label as sequential cross-omics discovery, not integrated multi-omics prediction.",Methods PDF pp.2-4; Results/Figure 4 PDF pp.4-5
S030,10.1007/s00408-008-9093-7,Lung,2008,Small single-center serum proteomics case-control study,China,China,8 NSCLC cases and 8 healthy controls,8,8,16,Healthy controls,Cancer detection,Non-small-cell lung cancer,Clinical/pathologic diagnosis; details NR,Molecular omics,Proteomics,Serum,Label-free 1D-LC-MS/MS with LTQ ion-trap,931,208,Primary final classifier,NR,NR,Proteins shared across all samples used by SVM; differential-expression filtering used separately for exploratory analyses,Global preprocessing and feature definition before CV likely,Hierarchical clustering; PCA,NA,NA,0,Ten-operation/ten-fold cross-validation; wording about split unit is ambiguous,Internal only,No external cohort; repeated-sample independence unclear from wording,Accuracy=0.9375; sensitivity=0.875; specificity=1.00,SVM with 208 shared proteins,No alternative classifier comparison,No,No,Extremely small sample; likely global preprocessing; no external validation; CV description unclear,Demographics NR; no fairness analysis,None,Internal validation only,Protein list reported; data/code NR,Use in sensitivity analysis excluding studies with fewer than 20 participants.,Methods/Results PDF pp.1-4
S031,10.3390/diagnostics12020491,Diagnostics,2022,Single-center diagnostic case-control model-development study,Latvia,Latvia,54 morphologically confirmed gastric adenocarcinoma patients and 85 endoscopy-referred participants without gastric cancer,54,85,139,Patients without gastric cancer,Cancer detection,Gastric adenocarcinoma,Upper endoscopy with histologic confirmation; cancer cases enrolled before surgery,Sensor-derived data,Not conventional omics,Exhaled breath,"Modular point-of-care breath analyzer with 8 GNP, 8 analogue MOX, and 10 digital MOX sensors",Five common curve features per sensor plus cluster-taxonomy features,Variable by feature-selection and taxonomy method,One of several final classifiers,NR,NR,Information Gain; ReliefF; symmetrical uncertainty,Repeated within 1000 feature-selection/training/testing cycles; exact train-test split details NR,Naive Bayes; Random Forest,NR,NR,0,"Feature selection, model training, and testing repeated 1000 times within one cohort",Internal only,Single cohort; patient-level split proportion and independence not clearly reported,Cluster DTWARP-complete linkage with InfoGain: AUC=0.716; accuracy=0.7487; sensitivity=0.6073; specificity=0.8248,"Naive Bayes, not SVM, achieved overall accuracy up to 0.7781",Alternative model performed better,No,No,Unclear resampling scheme; feature selection repeated but split details are insufficient; no independent validation; modest sample size,Baseline participant characteristics reported; no demographic subgroup or fairness analysis,No formal comparison with endoscopy or clinical diagnostic pathway,Prototype point-of-care device with internal model evaluation only,Supplementary performance tables available; raw data and analysis code NR,"Sensor-derived electronic-nose study, not molecular omics. Use only in the omics-adjacent subgroup.",Methods PDF pp.3-8; Results PDF pp.8-14; Tables 1-3
S032,10.1039/d2mo00107a,Molecular Omics,2022,Single-center two-cohort case-control biomarker study,China,China,Cohort 1: 22 bladder cancer and 20 controls; cohort 2: 33 bladder cancer and 23 controls,55,43,98,Non-cancer controls,Cancer detection,Bladder cancer,Clinical/pathological diagnosis; detailed blinding NR,Molecular omics,Transcriptomics,Urinary sediment and urinary exosomes,RT-qPCR validation of candidate long non-coding RNAs,7,3,Primary final classifier,RBF,C=12; gamma=0.5,"Literature/TCGA candidate selection followed by cohort screening; final RMRP, UCA1, and MALAT1 panel",Biomarker selection preceded the reported LOOCV; final SVM appears to use pooled cohorts,No alternative classifier; conventional combined ROC panels also reported,98 pooled for LOOCV,NA,0,Leave-one-out cross-validation on the combined 98 subjects; separate cohort validated biomarkers but was not a locked external SVM test,Internal only,Both cohorts came from the same institution and period; SVM performance was not reported as independent cohort validation,AUC=0.875 (95% CI 0.799-0.942); accuracy=0.816; sensitivity=0.800; specificity=0.814 under LOOCV,Three-exosomal-lncRNA SVM,SVM was not directly compared,No,No,Small single-center cohorts; feature selection before LOOCV; pooling discovery and validation cohorts for SVM evaluation; no genuine external model validation,"Age, sex, and smoking characteristics were compared between groups; no subgroup performance or fairness analysis",Urinary cytology/clinical standard was discussed but not directly benchmarked as a predictive comparator,Internal validation only,Supplementary data reported; code NR,"The second cohort is not a genuine external SVM validation set. The study is diagnostic, although stage associations were also explored.",Methods PDF pp.2-5; Results PDF pp.5-8; Figure 7
S033,10.1016/j.ijbiomac.2022.06.102,International Journal of Biological Macromolecules,2022,Case-control diagnostic model with paired pre/postoperative prognosis component,China,China,30 healthy volunteers; 22 benign thyroid nodules; 27 PTC; plus 26 paired pre/postoperative PTC saliva samples,27,52,79,Healthy and benign controls,Diagnostic and prognostic,Papillary thyroid cancer,Surgery/pathology implied for nodular thyroid disease,Molecular omics,Glycomics,Saliva,Lectin microarray,Lectin glycopatterns,Salivary glycopatterns recognized by selected lectins,One of several final classifiers,NR,NR,NR,Timing unclear,KNN; MLP; LR; RF,NR,NR,NA,Random 7:3 train-test split,Internal only,Patient/sample random split; no external cohort,Accuracy=0.92 [internal testing set],SVM; accuracy 0.92 testing set,SVM performed best,No,No,Small single-center sample; random split only; feature-selection/tuning unclear,Samples selected at same or similar age; no demographic subgroup performance,FNA discussed but not directly compared,Retrospective model development only,NR,Analyze prognosis/postoperative component separately.,Text abstract; Study approval/population; Sample classification
S034,10.1007/s12020-020-02523-x,Endocrine,2021,Single-center case-control platelet RNA-seq model-development study,China,China,"109 thyroid-neoplasm patients (32 adenoma, 41 papillary thyroid cancer, 36 metastatic papillary thyroid cancer) and 63 healthy controls",109,63,172,Healthy controls; thyroid adenoma and cancer subgroups for multiclass analysis,Cancer detection and cancer subtype classification,Thyroid neoplasm; papillary thyroid cancer,Biopsy/pathology-confirmed thyroid neoplasm; healthy controls,Molecular omics,Transcriptomics,Platelets,Platelet RNA sequencing,58302,"765 genes for binary classification; class-specific sets of 370, 854, and 1160 genes for multiclass classification",Primary final classifier,NR,Python SVM; one-vs-one multiclass strategy; tuning NR,Differential transcript analysis to identify genes with different transcript levels,Differential-feature discovery appears to have been performed before random train-validation splitting,None reported,103,69,0,Random 60/40 train-validation split repeated 1000 times; one representative split also reported,Internal only,Same single-center cohort; no external cohort,Binary validation: AUC=0.998 and accuracy=0.970 in one split; mean accuracy=0.965 over 1000 repeated 60/40 splits,Binary platelet RNA-seq SVM,SVM was not directly compared,No,No,Genome-wide differential feature selection appears global before splitting; near-perfect internal performance; no external validation,Baseline age/sex information reported; no subgroup performance or fairness analysis,No direct comparison with standard thyroid diagnostic tests,Internal validation only,RNA-seq data/code availability NR,Use the binary healthy-versus-neoplasm task in the main detection synthesis; report multiclass thyroid subtype results separately.,Methods and Results PDF pp.3-5 and pp.20-24; Figures 2 and 4
S035,10.1136/jitc-2021-003133,Journal for ImmunoTherapy of Cancer,2022,Small translational case-control study with a separate treatment-response arm,China,China,"Diagnostic cohort: 5 healthy donors, 14 hepatic hemangioma controls, and 28 BCLC-A early HCC; additional early CRC and advanced HCC response cohorts; 62 unique participants overall",28,19,62,Healthy donors and benign hepatic hemangioma,Multiple tasks,Early-stage hepatocellular carcinoma,Clinical/pathologic HCC diagnosis and BCLC staging; treatment response by clinical criteria,Molecular omics,Immunomics,Peripheral blood mononuclear cells,Single-cell mass cytometry (CyTOF),"28 detailed immune-cell clusters/subsets identified across B, NK, and T cells",NR,Component of ensemble or hybrid model,RBF,C=2; gamma=0.095; AdaBoost n_estimators=50; learning_rate=0.3,Immune-subset profiling and model-based selection; SMOTE applied to training data,Immune-feature discovery was performed in the small diagnostic cohort; exact nesting within splitting unclear,AFP clinical biomarker comparator,31,16,0,60/40 development split with SMOTE; reported final confusion matrix and ROC use all 47 diagnostic samples,Internal only,Same cohort; final reported performance is apparent all-cohort performance rather than a clean held-out estimate,AdaBoost-SVM apparent performance on 47 diagnostic subjects: AUC=0.992; accuracy=0.915; sensitivity=0.929; specificity=0.895,AdaBoost-SVM,SVM-based model outperformed the AFP comparator,No,No,Very small cohort; feature discovery/model development on same population; final metrics evaluated on all samples including training cases; no external validation,Very small cohorts and no demographic subgroup/fairness analysis,Serum AFP,Internal model-development study only,Data/code availability NR,Include only the early-HCC diagnostic task in the main synthesis. Analyze anti-PD-1 response separately and do not pool it with detection.,Methods and Results PDF pp.2-8; Figure 3
S036,10.1016/j.compbiomed.2022.105409,Computers in Biology and Medicine,2022,Secondary analysis of TCGA colon adenocarcinoma data,China,Public TCGA dataset,480 colon adenocarcinoma tumors and 41 normal controls; additional stage-specific subsets,480,41,521,Normal tissue; different stage groups,Multiple tasks,Colon adenocarcinoma,TCGA diagnostic and stage labels,Molecular omics,Transcriptomics,Colon tissue RNA-seq data,TCGA RNA-seq expression matrix,13970,"289 genes for diagnosis; 134, 151, and 189 genes for three stage tasks",One of several final classifiers,RBF,RBF SVM; exact C/gamma NR,"Differential expression, WGCNA, and LASSO",Feature discovery appears to have used each full task dataset before random splitting,Random Forest; Decision Tree,70% of each task dataset,30% of each task dataset,0,Random 70/30 train-test split with SMOTE on training data; results averaged over ten runs/cross-validation,Internal only,Random sample-level split within TCGA; no independent dataset,Diagnosis: AUC=0.9967; accuracy=0.9846; sensitivity=0.9692; specificity=0.9894; precision=0.9450; F1=0.9529,"Random Forest achieved higher diagnostic performance, including AUC=1.00",Alternative model performed better,No,No,Full-dataset feature selection before splitting; severe case-control imbalance; repeated internal splits only; no external validation,Demographics not analyzed; no subgroup/fairness assessment,No clinical benchmark,Retrospective public-data model development,TCGA data publicly available; code NR,Use cancer-versus-normal results in the detection synthesis; stage-classification results require a separate subgroup. SVM is not the best model.,Methods PDF pp.2-5; Results PDF pp.5-8; Tables 3-4
S037,10.1016/j.clon.2023.06.014,Clinical Oncology,2023,Diagnostic model development with random train-validation split,China,China,243 ESCC patients and 243 healthy controls,243,243,486,Healthy controls,Cancer detection,Esophageal squamous cell carcinoma,NR in abstract,Molecular omics,Proteomics,Serum,Proteome microarray; GEO; ELISA,14 candidate TAAs,p53; SLC2A1; GNA11; MMP1 in optimal logistic model,One of several final classifiers,NR,NR,Proteome microarray and GEO bioinformatics screening,Unclear,Logistic regression; recursive partition analysis,324,162,NA,Random 2:1 train-validation split,Internal only,Random split from same sample source,NR,Logistic regression with four anti-TAA autoantibodies; validation sensitivity 0.679 and specificity 0.679; early-stage AUC 0.85,Alternative model performed better,NR,NR,SVM-specific performance not reported; no external validation; feature-selection pipeline details not fully available from abstract,NR,NR,Retrospective model development only,NR,Do not include in quantitative SVM performance synthesis unless full text provides SVM results.,PMID 37433700 abstract
S038,NR,Analytica Chimica Acta,2024,Case-control spectroscopy model development,China,China,60 liver cancer patients; 40 healthy volunteers,60,40,100,Healthy controls,Cancer stage classification,Liver cancer,NR in available text,Spectroscopy-derived data,Not conventional omics,Serum low-abundance proteins,SERS; PCA-LDA; PLS-SVM,SERS spectra,SERS profiles after low-abundance protein extraction,One of several final classifiers,NR,PLS-SVM; details NR,PCA/PLS dimensionality reduction,Unclear,PCA-LDA,NR,NR,NA,Unknown testing set from same study,Internal only,Unknown testing set; no external cohort,PLS-SVM accuracy=0.875 [unknown internal testing set],PCA-LDA accuracies 0.985 and 1.00 for early/advanced liver cancer vs healthy; PLS-SVM accuracy 0.875 in testing set,Insufficient information,No,No,Small sample; unknown split; spectroscopy preprocessing and model selection details limited,NR,NR,Retrospective model development only,NR,"Spectroscopy-derived subgroup, not conventional omics.",Text abstract; Collection of human serum samples; Conclusion
S039,10.1039/c3an00245d,Analyst,2013,Multicenter proof-of-concept case-control diagnostic study,France,France,37 cirrhotic patients with HCC and 34 cirrhotic patients without HCC,37,34,71,Cirrhosis without HCC,Differential diagnosis,Hepatocellular carcinoma,HCC diagnosed according to EASL criteria; cirrhosis clinically/histologically established,Spectroscopy-derived data,Not conventional omics,Serum,Micro-Raman spectroscopy of dried and freeze-dried serum,1013,"Variable principal-component subsets, including up to 31 selected PCs",Primary final classifier,NR,LIBSVM; exact parameters NR,"Spectral preprocessing, PCA, and selection of discriminating principal components",PCA/discriminating PC selection appears to precede patient-level LOOCV; exact nesting unclear,PCA exploratory analysis,NA,NA,0,"Patient-level leave-one-out cross-validation, retaining replicate spectra from a patient within the held-out unit",Internal only,Patient-level LOOCV within the same 71-patient cohort,Freeze-dried serum using all spectra: accuracy=0.9155; sensitivity=0.9459; specificity=0.8824; AUC NR,PCA-SVM on freeze-dried serum spectra,SVM was not directly compared with another predictive classifier,No,No,Small proof-of-concept cohort; possible preprocessing/PC-selection optimism; no external validation,Age and sex characteristics reported; no subgroup or fairness performance analysis,AFP and standard surveillance discussed but not directly modeled as a comparator,Proof-of-concept internal validation only,Data and code NR,"Spectroscopy-derived, omics-adjacent input. Keep separate from molecular-omics studies.",Methods PDF pp.2-5; Results PDF pp.5-7; Tables 2-3
S040,10.3389/fendo.2023.1099703,Frontiers in Endocrinology,2023,Secondary analysis of pooled public serum-miRNA GEO datasets,China,Public international GEO datasets,"16,902 serum samples across 12 tumor types: 6,607 tumor and 10,295 non-tumor samples",6607,10295,16902,Non-tumor controls,Cancer detection and early detection or screening,Twelve cancer types,Public GEO sample labels,Molecular omics,Transcriptomics,Serum,3D-Gene Human miRNA microarray; pooled GEO datasets,104,14,Primary final classifier,Nonlinear SVM; exact kernel NR,C=10; gamma=0.1 selected by 10-fold cross-validation,Differential expression and LASSO selection of m5C-related miRNAs,Feature selection was described in the training cohort; ComBat batch correction was applied to pooled data before random splitting,No directly evaluated alternative classifier,8491,8411,0,Random 1:1 train-test split across pooled GEO samples; 10-fold CV for tuning; a claimed external cohort was sampled from the combined data,Internal only,"Random sample split across pooled datasets; no dataset-level, institution-level, temporal, or country-level external validation",Held-out test: AUC=0.934 (95% CI 0.927-0.941); accuracy=0.870; sensitivity=0.828; specificity=0.896,Fourteen-miRNA SVM signature,SVM was not directly compared,No,Decision-curve analysis reported,ComBat across pooled data before split; random sample split allows dataset overlap; claimed external cohort is not independent; no true external validation,"Model score was reported as unrelated to sex and weakly related to age, but no stratified diagnostic-performance or fairness analysis was performed",No standard clinical biomarker or physician comparator,Retrospective public-data internal validation only,GEO accessions and supplementary code reported,The “external validation cohort” is drawn from the combined development/testing data and must not be counted as external validation.,Methods PDF pp.2-4; Results PDF pp.4-6; Figures 2-3
S041,10.1515/cclm-2022-0715,Clinical Chemistry and Laboratory Medicine,2022,Single-center two-cohort case-control diagnostic study,China,China,"Discovery cohort: 35 healthy volunteers, 40 hepatic-cirrhosis patients, 43 HCC patients; validation cohort: 31 healthy, 28 cirrhosis, 26 HCC",69,134,203,Healthy volunteers and hepatic cirrhosis,Differential diagnosis,Hepatocellular carcinoma,Clinical/pathologic diagnosis by clinicians/pathologists; exact blinding NR,Molecular omics,Glycomics,Saliva,Lectin microarray profiling of salivary protein glycopatterns,37,SVM-RFE-selected lectin glycopatterns; exact number varies/NR,One of several final classifiers,NR,R e1071 SVM; tuning described; exact kernel/parameters NR,SVM-RFE; LASSO; Boruta depending on classifier,"Feature selection/model development in discovery cohort, then evaluation in a separate validation cohort",LASSO logistic model; Random Forest,118,85,0,Separate 85-sample validation cohort from the same study setting; independence by institution or time not documented,Internal only,"Separate cohort, but no evidence of geographic, institutional, or temporal independence sufficient for external validation",Validation SVM-HCC: AUC=0.857 (95% CI 0.769-0.944); accuracy=0.812; sensitivity=0.846; specificity=0.797,"Random Forest performed better in the validation cohort, including HCC AUC=0.886",Alternative model performed better,No,No,Small discovery cohort and multiple feature/model searches; same-setting validation; no independent external validation,Baseline demographic/clinical characteristics reported; no subgroup or fairness performance analysis,Healthy and cirrhosis disease-control groups; no formal standard-test comparator,Internal validation only,Supplementary glycopattern/model information reported; code NR,"This is single-layer glycomics, not multi-omics. Count the same-setting validation cohort as internal under the review’s strict definition.",Methods PDF pp.2-5; Results PDF pp.5-8; Table 3 and Figure 4
S042,10.1021/acssensors.3c01995,ACS Sensors,2024,Method-development biomarker discovery study,Canada,Canada,"Plasma EVs from umbilical cord blood, healthy donors, pooled benign gynecologic ailments (n=6), and early-stage HGSC donors; full N not available in abstract",NR,NR,NR,Healthy and benign controls,Early detection or screening,Early-stage high-grade serous ovarian carcinoma,NR in abstract,Mixed data,Not conventional omics,Plasma extracellular vesicles,Size-exclusion chromatography; SERS; MS; atomic force microscopy,SERS spectra and MS features,EV diagnostic signatures; exact features NR,One of several final classifiers,NR,NR,NR,Unclear,PCA; logistic regression; naive Bayes; random forest; neural network; kNN,NR,NR,NR,NR in abstract,Unclear,Unclear,NR,"NR; available S1 mentions accuracy 0.929, specificity 0.880 and precision 0.929 but model identity is unclear",Insufficient information,NR,NR,Abstract-only; small/pooled cohorts; validation and model identity unclear,NR,NR,Retrospective model development only,NR,Do not use in quantitative synthesis without full text.,PubMed abstract only
S043,10.1186/s13062-022-00342-w,Biology Direct,2022,Secondary analysis of TCGA colorectal-cancer RNA-seq data,China,Public TCGA dataset,689 colorectal tumor/normal samples randomly divided into training and test sets,NR,NR,689,Normal colorectal tissue,Diagnostic and prognostic,Colorectal cancer,TCGA tumor/normal and survival labels,Molecular omics,Transcriptomics,Colorectal tissue,TCGA RNA sequencing,Genome-wide RNA-seq; 6819 differentially expressed genes reported,4,Primary final classifier,RBF implied by reported gamma; exact kernel not explicitly stated,C=23.2676; gamma=0.4498,"Differential expression, MEGENA/PPI prioritization, and survival screening; final DKC1, FLNA, CSE1L, NSUN5 signature",Feature discovery appears to use the full TCGA cohort before the random training-test split,Cox proportional-hazards prognostic risk model,482,207,0,Ten-fold cross-validation in training data plus a held-out random test subset from the same TCGA cohort,Internal only,Random same-dataset split; no independent external dataset,Held-out same-TCGA test AUC=0.9956; training cross-validation accuracy=0.9685,Four-gene SVM diagnostic signature,SVM was not directly compared with another diagnostic classifier,No,No,Global feature selection before splitting; near-perfect internal test AUC; no independent external validation,Demographic reporting and subgroup performance NR,No clinical diagnostic comparator,Retrospective internal public-data validation only,TCGA/cBioPortal data public; code NR,"The input is transcriptomic, not proteomic. Use only the diagnostic SVM component in the main synthesis; prognosis must be reported separately.",Methods and Results PDF pp.2-5; Figure 3
S045,10.1111/jgh.12545,Journal of Gastroenterology and Hepatology,2014,Single-center retrospective diagnostic case-control study,China,China,80 HBV-related hepatocellular carcinoma patients and 67 HBV-related liver-cirrhosis patients,80,67,147,HBV-related liver cirrhosis,Differential diagnosis,Hepatocellular carcinoma,"Clinical work-up including imaging, biochemistry, AFP and liver biopsy; exact adjudication details NR",Molecular omics,Proteomics,Serum,MALDI-TOF/TOF mass spectrometry,235,"Nine m/z peaks: 819, 1076, 1341, 2551, 3156, 3812, 4184, 4465, 4776",One of several final classifiers; also used for feature ranking,SMO implementation; kernel NR,NR,SVM-weight ranking of peptide peaks,Feature selection performed using the training set according to the study description,Multilayer perceptron; CART; AFP; MLP plus AFP,73,74,0,10-fold cross-validation on training data plus held-out same-center test set,Internal only,Random same-center train-test split; called independent by authors but not external,Held-out test: AUC=0.751; accuracy=0.757; sensitivity=0.825; specificity=0.676,MLP: AUC=0.909; accuracy=0.851; sensitivity=0.900; specificity=0.794,Alternative model performed better,No,No,Single-center random split; modest sample; feature-selection/model comparison; no external validation,Age and sex balanced between splits; no subgroup performance or fairness analysis,AFP and MLP+AFP were compared,Internal validation only,Supplementary tables available; code and raw spectra NR,The S1 outcome was dominated by MLP. SVM-specific metrics are substantially lower and must be reported separately.,Methods PDF pp.2-3; Results PDF pp.3-5; Figure 2; Table 2
S046,10.1186/s13046-016-0447-3,Journal of Experimental & Clinical Cancer Research,2016,Single-center retrospective diagnostic biomarker study with a separate validation sample set,China,China,Training: 100 thyroid cancers and 65 benign thyroid lesions; validation: 123 thyroid cancers and 81 benign lesions; discovery: 19 paired PTC/normal samples,223,146,369,Benign thyroid lesions,Differential diagnosis,Thyroid cancer and thyroid nodules,Postoperative histopathology reviewed by two pathologists,Molecular omics,Transcriptomics,Frozen thyroid tissue; small secondary FNAB set,Whole-transcriptome sequencing for discovery and RT-qPCR for final four-gene panel,Genome-wide transcriptome; 203 DEGs then 33 highly overexpressed genes and 12 candidates,FN1; GABRB2; NGEF; HMGA2,Primary final classifier,RBF,C-SVC; grid-searched C and gamma using LIBSVM 3.20,Differential-expression filtering and diagnostic-value screening,Discovery and panel selection performed before model training; validation set was separate,No alternative final classifier,165,NA,204,Separate independent validation sample set from the same hospital,External only,Distinct training and validation samples but same institution and tissue-based surgical spectrum,Validation: accuracy=0.917; sensitivity=0.927; specificity=0.901; PPV=0.934; NPV=0.890,Four-gene SVM panel,SVM was not directly compared,No,No,Feature discovery involved multiple filtering steps; same-center validation; surgical tissue spectrum limits intended preoperative use,"Chinese cohort; no subgroup performance by age, sex or subtype","Prior commercial molecular panels discussed, not tested head-to-head",External validation only; small FNAB feasibility set,Sequencing data/supplementary material reported; model code NR,"Validation is independent at the sample level but from the same institution. Main model uses transcript-expression measurements, not multi-omics.",Methods PDF pp.2-4; Results PDF pp.4-6; Figure 4
S048,10.1021/acssensors.2c00467,ACS Sensors,2022,Single-center diagnostic case-control sensor-development study,China,China,76 bladder-cancer patients and 18 healthy controls; additional postoperative-recurrence analysis,76,18,94,Healthy controls,Multiple tasks,Bladder cancer,Clinical/pathological diagnosis; detailed blinding NR,Sensor-derived data,Not conventional omics,Urine headspace volatile compounds,Polyaniline-based electronic-nose sensor array,Responses from sensor array; exact initial feature count NR,Four selected sensor features from S2 and S3,Primary final classifier,Nonlinear Gaussian,Optimized in repeated three-fold cross-validation; exact C/gamma NR,SVM-RFE after sensor clustering and feature extraction,Training set used for repeated model-selection cycles,No directly comparable final classifier,64,30,0,Repeated three-fold cross-validation on training data plus held-out same-cohort test,Internal only,Appears patient-level but only six healthy controls in test set; no external cohort,Held-out test: accuracy=0.9667; sensitivity=1.000; specificity=0.8333,Four-feature nonlinear SVM,SVM was not directly compared,No,No,Small control group and test set; extensive repeated optimization; no external validation,Clinical characteristics examined for sensor influence; no demographic fairness analysis,No direct comparison with cystoscopy or urine cytology,Prototype sensor with internal validation only,Supporting information available; raw data/code NR,Electronic-nose data are sensor-derived and should not be labeled omics. Stage-classification performance was poor and must be reported separately.,Methods PDF pp.4-7; Results PDF pp.7-9; Figure 6; Table 4
S050,10.1016/j.mehy.2020.109577,Medical Hypotheses,2020,Secondary analysis of three public microarray benchmark datasets,Turkey,Public datasets; original countries mixed/NR,Ovarian n=253; leukemia n=72; CNS n=60,Dataset-specific,Dataset-specific,385,Dataset-specific binary classes,Multiple cancer-classification tasks,Ovarian cancer; leukemia; central nervous system tumor,Public dataset labels,Molecular omics,Transcriptomics,Public tissue gene-expression datasets,Microarray gene-expression profiles,Ovarian 15154; leukemia 7129; CNS 7129,ReliefF reduced feature sets; exact counts included 36 for ovarian and dataset-specific reductions,One of several final classifiers and hybrid pipelines,Polynomial,Exact SVM parameters NR,ReliefF and stacked autoencoder dimensionality reduction,Timing relative to each random split is insufficiently reported,CNN; Bayes; kNN; Random Forest; Rotation Forest,"Varied across 60/40, 70/30 and 80/20 splits",Varied across the same splits,0,Three random train-test ratios on each public dataset,Internal only,Same small benchmark datasets repeatedly split; no independent external dataset,ReliefF-SVM mean accuracy: ovarian=0.9747; leukemia=0.9806; CNS=0.8072,ReliefF-CNN: ovarian=0.9860; leukemia=0.9986; CNS=0.8395,Alternative model performed better,No,No,"Tiny benchmark datasets, repeated split selection, unclear feature-selection nesting and no external validation",No participant-level demographic or fairness analysis,No clinical comparator,Retrospective benchmark model development,Public datasets; code NR,Report each dataset separately. The best method was ReliefF-CNN rather than SVM.,Methods PDF pp.3-6; Tables 8-10
S052,10.1016/j.cancergen.2020.12.007,Cancer Genetics,2021,Retrospective tissue methylation case-control biomarker study,Iran,Iran with public discovery datasets,41 colorectal-cancer FFPE tissues and 47 normal tissues,41,47,88,Normal colorectal tissue,Cancer detection,Colorectal cancer,Histopathologically characterized FFPE tissue,Molecular omics,Epigenomics,FFPE colorectal tissue,Targeted bisulfite sequencing discovery; MethyLight/HeavyMethyl validation,Genome-wide/public methylation candidates; five experimentally tested genes,SEPT9 and AKR1B1,Primary final classifier,NR,NR,SVM-RFE and repeated random 10-fold cross-validation,Eighty-percent model-development portion; details of nesting and independent-platform samples are unclear,Single-gene and multigene diagnostic tests,Approximately 70 (80%),Approximately 18 (20%),0,Repeated 10-fold CV on development data and held-out 20% test set,Internal only,Held-out subset from same 88-sample cohort; claimed independent-platform component lacks clear participant details,Held-out test: sensitivity=0.98; specificity=0.99; accuracy=0.98; AUC NR. Full-cohort ROC AUC=0.98,Two-gene SEPT9/AKR1B1 methylation discriminator,SVM was not directly compared,No,No,Small cohort; extensive marker selection; unclear nesting; ambiguous independence of platform-based testing,Clinical characteristics reported; no demographic subgroup performance,Individual methylation markers compared; no standard clinical test comparison,Internal validation only,Public datasets identified; code NR,The value 0.02 in the testing table appears to be error rather than AUC. Do not enter it as AUC; use the explicit full-cohort AUC=0.98 separately.,Methods PDF pp.3-4; Results PDF pp.5-7; Tables 4-6; Figure 2
S053,10.1039/d3an01259j,Analyst,2023,Single-center retrospective spectroscopy classification study,China,China,"93 gastric-cancer patients, 92 colorectal-cancer patients and 100 healthy controls",185,100,285,Healthy controls; cancer subtypes and stages,Multiple tasks,Gastric and colorectal cancer,Clinical/pathological diagnosis; details NR,Spectroscopy-derived data,Not conventional omics,Serum,Raman spectroscopy,Raman spectral points; 10 averaged spectra per participant,PCA-derived or raw spectral features depending model,One of several final classifiers,NR,NR,PCA dimensionality reduction in some experiments,Exact nesting relative to train/validation/test split unclear,kNN; LDA; GRU neural network,Approximately 80% by reported 4:1 split; exact patient count NR,Approximately 20%; exact patient count NR,0,"Internal 4:1 train-test split, further training-validation split, and five-fold CV",Internal only,"Split unit is unclear despite multiple spectra per participant, creating a serious patient-leakage concern",Cancer detection accuracy=1.00 for gastric versus healthy and colorectal versus healthy; AUC/sensitivity/specificity NR,SVM achieved perfect detection accuracy; GRU was generally superior for subtype/stage tasks,SVM was comparable for detection; alternative model better for some secondary tasks,No,No,Potential spectrum-level split across the same patients; perfect internal accuracy; unclear preprocessing nesting; no external validation,No subgroup/fairness analysis,No routine biomarker or clinician comparison,Internal validation only,Code repository reported; patient data unavailable for privacy,"This is Raman spectroscopy, not omics. The paper does not provide external validation despite prior classification in S1.",Methods PDF pp.3-5; Results PDF pp.5-7; Tables 3-4
S054,10.1016/j.gene.2015.03.008,Gene,2015,Secondary analysis of one discovery and six independent public microarray datasets,China,Public international GEO datasets,Discovery GSE32867 n=58 paired tumor/adjacent-normal samples; six validation datasets totaling n=222,Dataset-specific paired lung-cancer tissues,Matched adjacent normal tissues,280,Matched adjacent non-tumorous lung tissue,Cancer detection,Lung adenocarcinoma,Public dataset histologic labels,Molecular omics,Transcriptomics,Lung tumor and adjacent-normal tissue,Multiple gene-expression microarray platforms,48832 probes representing 38275 genes in discovery dataset,15-gene lung cancer-specific hub network,Primary final classifier,NR,e1071 R package; exact settings NR,WGCNA module detection and hub-network selection,Entire discovery dataset only; external datasets were held separate,None reported,58,NA,222,Locked classifier evaluated across six independent GEO datasets from different platforms/patients,External only,Independent datasets and platforms; small dataset sizes in several cohorts,External accuracies: 0.9848; 0.9167; 0.9762; 0.9800; 0.9675; 0.9167 across six datasets,15-gene LCHN SVM,SVM was not directly compared,No,No,"Discovery feature selection used a small dataset, but multiple genuinely independent validation datasets reduce optimism; only accuracy reported",No demographic/fairness analysis,No clinical comparator,External validation on public datasets,All datasets public in GEO; analysis code NR,This study provides genuine independent-dataset validation. The six external cohorts should remain separate in quantitative summaries.,Methods PDF pp.2-4; Results PDF pp.4-6; Table 3
S055,10.1002/pmic.200900513,Proteomics,2010,Multicenter diagnostic case-control serum-peptidomics study,China,China,147 newly diagnosed acute-leukemia patients and 107 healthy controls recruited from five hospitals; additional remission samples for secondary MRD analysis,147,107,254,Healthy controls,Cancer detection with secondary minimal-residual-disease analysis,Acute leukemia,French-American-British classification and clinical diagnosis before chemotherapy,Molecular omics,Proteomics,Serum,Copper-chelated magnetic-bead fractionation and MALDI-TOF-MS,452,26 peptide peaks at p<0.00001,Primary final classifier,Gaussian,Grid-search optimization,Two-tailed t-test p-value filtering at several thresholds,Feature selection performed on the training set,No alternative final classifier,152,102,0,Random 60/40 same-cohort split; five-fold CV within training; held-out validation set,Internal only,Random split across participants recruited from five hospitals; not an institution-held-out external validation,Held-out validation: AUC=0.998 (95% CI 0.994-1.002); sensitivity=0.97; specificity=1.00,26-feature Gaussian-kernel SVM,SVM was not directly compared,No,No,Very high internal performance; feature-threshold comparison and kernel tuning; no hospital-level external validation,Age/sex sampling considered; no subgroup performance or fairness analysis,"PCR and flow cytometry discussed for MRD, not directly compared for diagnosis",Internal validation only,Supporting information available; raw spectra/code NR,"Although the paper calls samples independent, they arose from a random split of the recruited cohort. Additional remission samples are a separate secondary analysis.",Methods PDF pp.2-4; Results PDF pp.4-6; Figure 2; Table 1
S056,10.1111/jcmm.17693,Journal of Cellular and Molecular Medicine,2023,Integrative public-data biomarker discovery with machine-learning diagnostic and prognostic models,Iran,Public TCGA and GEO datasets,TCGA diagnostic methylation data: 443 tumors and 27 non-tumors; external GSE30601: 203 tumors and 94 matched nonmalignant samples,646,121,767,Non-tumor gastric tissue,Diagnostic and prognostic,Stomach adenocarcinoma,Public TCGA/GEO dataset labels,Molecular omics,Epigenomics,Gastric tumor and non-tumor tissue,Illumina HumanMethylation27/450K arrays; RNA-seq used for integrative candidate discovery,Genome-wide methylation and 2821 differentially expressed genes; 28 diagnostic candidate probes,Eight methylation probes,Primary final classifier,RBF,gamma=8.5; C=8.365 selected by RandomizedSearchCV,Differential methylation/expression integration; correlation filtering; RFECV,"Candidate selection and RFECV on TCGA; external GEO data separate, but SMOTETomek appears applied before training CV",Logistic regression; Random Forest; GaussianNB; gradient boosting; AdaBoost; decision tree,470,NA,297,10-fold CV on TCGA and 10-fold CV on independent GSE30601,Internal and external,"External dataset is independent, but evaluation used cross-validation within the external data rather than clearly applying one locked TCGA-trained model",External GSE30601: AUC=0.97; F1=0.93; precision=0.94; specificity=0.86; sensitivity=0.93; accuracy=0.91,Eight-probe SVM had the best AUC among compared algorithms,SVM performed best,No,No,Extreme class imbalance; SMOTETomek may have preceded CV; external evaluation used CV rather than an explicitly locked model; integrative selection uses full TCGA data,No demographic subgroup/fairness analysis,No clinical diagnostic comparator,Independent public-dataset validation only,TCGA and GEO data public; scripts/code NR,"The discovery workflow integrates expression and methylation, but the final SVM input contains only methylation probes; classify the prediction model as single-omics epigenomics, not multi-omics. Analyze prognosis separately.",Methods PDF pp.2-5; Results PDF pp.6-8; Table 2; Figures 4-5
S057,10.1186/1471-2164-16-S9-S4,BMC Genomics,2015,Case-control multi-marker discovery study with public-dataset evaluation,South Korea,South Korea; independent public GEO datasets,104 PDAC tissues and 17 benign/normal pancreatic tissues,104,17,121,Benign/normal pancreatic tissue,Cancer detection,Pancreatic ductal adenocarcinoma,Surgical/pathologic tissue status; details of blinding NR,Molecular omics,Multi-omics,Pancreatic tissue and public expression datasets,Affymetrix HuGene 1.0 ST mRNA and GeneChip miRNA 3.0 arrays,"33,297 mRNA probes and 5,617 human miRNA probes",705 miRNA-target-gene marker pairs; 27 miRNAs and 289 genes,Primary classifier for each candidate marker/pair,LIBSVM; kernel NR,Class weights cancer=1 and normal=6.117647; remaining parameters NR,"Differential expression, weighted SVM/LOOCV, target-prediction networks, negative correlation and external-dataset thresholds",Discovery cohort used for extensive screening; independent datasets also used to retain robust markers,Linear regression for miRNA activity; target-prediction algorithms,121,NA,NR,LOOCV discovery plus independent GEO SVM-LOOCV evaluation,Internal and external,"GEO datasets were independent, but their results contributed to final marker selection","No single prespecified final model; representative miR-148a AUC=0.956 and BA=0.927 in discovery, external BA up to 0.897",Hundreds of selected marker pairs rather than one locked model,SVM was not directly compared,No,No,Extensive multiple testing; external datasets used in feature retention; no single locked classifier; several reported AUC values appear inconsistent and require cautious use,Demographics and subgroup fairness NR,No clinical biomarker comparator,Retrospective marker discovery,GEO accessions provided; code NR,mRNA plus miRNA integration may be considered two transcriptomic layers rather than distinct omics; state the operational definition explicitly.,Abstract; Methods pp.6-8; Tables 1-2; Figure 1
S058,10.1371/journal.pone.0063941,PLoS ONE,2013,Proteomics-guided public-transcriptomic diagnostic model study,China,China; public GEO datasets,GSE6099 n=74; GSE6956 n=89; GSE21034 n=179,276,66,342,Non-tumor prostate tissue,Cancer detection,Prostate cancer,Public microarray diagnostic labels,Molecular omics,Transcriptomics,Prostate tissue,2D-DIGE/MS discovery and Affymetrix gene-expression microarrays for final SVM,60 differential proteins; network-derived 3/13 hub genes,PTEN; SFPQ; HDAC1,Primary final classifier,RBF,Dataset-specific tuning; exact values NR,Proteomic differential analysis and protein-interaction network hub selection,Three-gene panel established before repeated train-test evaluation,Alternative 13-gene SVM panel; no different classifier,Varied by repeated random split,Varied by repeated random split,0,100 random train-test splits and 5-fold CV in each dataset,Internal only,Each dataset was repeatedly split internally; no locked cross-dataset transfer test,Test AUC/accuracy: GSE6099 0.90/0.8907; GSE6956 0.89/0.8588; GSE21034 0.93/0.9271,Three-hub-gene SVM slightly outperformed 13-hub panel,SVM was not directly compared,No,No,Threshold selected to maximize AUC; repeated internal splits; no external validation,Public-dataset demographics/fairness NR,No PSA/clinical-score head-to-head comparison,Retrospective model development,GEO data public; code NR,"Although proteomics initiated discovery, final SVM inputs are gene-expression values; classify the final predictive model as transcriptomics.",Methods pp.3-5; Results pp.5-7; Tables 2-4
S059,10.1007/s00216-013-7163-z,Analytical and Bioanalytical Chemistry,2013,Single-center case-control spectroscopy model study,United Kingdom,United Kingdom,50 GBM patients and 25 healthy controls; 74 usable for FTIR,50,25,75,Healthy controls,Cancer detection,Glioblastoma multiforme,Clinical/histopathologic diagnosis; details of blinding NR,Spectroscopy-derived data,Not conventional omics,Serum,ATR-FTIR and Bio-Plex cytokine/angiogenesis panel,Infrared spectra; nine spectra per participant,Whole-serum or 10-kDa-fraction spectral region used by RBF SVM,Primary final classifier,RBF,Whole serum C=1024 gamma=8; 10-kDa fraction C=16384 gamma=16,Spectral preprocessing and model-specific parameter grid search,Training data used for tuning; blinded patient set held out,"Cytokine-factor analysis, not a directly comparable final classifier",50,24,0,LOOCV/grid search in training plus blinded same-center test,Internal only,"Patient-level split reported, but multiple spectra per patient and small test set",Whole-serum patient test sensitivity=0.875; specificity=1.000,Whole-serum RBF SVM outperformed 10-kDa fraction,SVM was not directly compared,No,No,Training CV near 1.00 versus lower test performance; multiple spectra; small same-center sample,No demographic subgroup performance,No direct comparison with imaging or histopathology,Internal blind-test validation only,Raw spectra/code NR,Do not describe this spectroscopy model as molecular omics or as externally validated.,Methods pp.2-5; Results pp.5-7; tables/figures on SVM testing
S061,10.1016/j.ebiom.2023.104553,eBioMedicine,2023,Prospective multicenter observational diagnostic study with MRD cohort,China,China,Discovery 145 NSCLC plus 163 controls; validation 143 NSCLC plus 163 controls; separate postoperative MRD cohort n=58,288,326,614,Healthy individuals and benign pulmonary nodules,Multiple tasks,Non-small cell lung cancer,Clinical/pathologic diagnosis and longitudinal follow-up,Molecular omics,Multi-omics,Plasma cfDNA,"Low-pass WGS/cSMART-based fragmentomics, end-motif, bin-count/CNV and co-methylation assays",Multiple cfDNA genomic/epigenomic feature classes,Four component scores integrated as LC score,Component of ensemble/hybrid model,Kernel/C/gamma selected by 10-fold CV; exact final values NR,"C, kernel type and gamma tuned",Feature-specific model development followed by integrated score,Development cohort used for component training; final cutoff/integration involved validation information,AdaBoost; Gaussian process; kNN; Random Forest; XGBoost; logistic regression,308,NA,306,10-fold CV plus prospectively enrolled multicenter validation,Internal and external,"Validation cohort was independent and multicenter, but threshold/model integration was not fully locked before validation",SVM component AUCs: Bincount 0.759; motif 0.815; protein marker 0.700. Hybrid LC score AUC=0.912,Integrated LC score: AUC=0.912; sensitivity=0.518; specificity=0.963,Hybrid integrated model performed best,NR,Harm-benefit/clinical-utility analysis and population-adjusted NPV 0.9992,Validation informed cutoff/integration; final score is not a pure SVM; multiple component-model comparisons,Sex and clinical subgroups assessed; Chinese population only,"Mayo, PKU and VA nodule models; protein biomarkers",Prospective multicenter validation,Supplementary data available; code/model availability NR,Separate early detection from postoperative MRD. Do not attribute the integrated AUC 0.912 solely to SVM.,Abstract; Methods pp.4-8; Results pp.9-14; Figure 3
S062,10.1002/ijc.33564,International Journal of Cancer,2021,Large multicenter case-control diagnostic study,China,China,"After propensity matching, 670 AFP-negative HCC and 670 non-HCC controls; training n=964 and independent validation n=376",670,670,1340,"Healthy controls, chronic hepatitis B, fibrosis and cirrhosis",Differential diagnosis,AFP-negative hepatocellular carcinoma,Histopathology/clinical diagnosis according to study criteria,Molecular omics,Glycomics,Serum,Capillary-electrophoresis N-glycan fingerprinting,Serum N-glycan profile,13 N-glycan structures selected by LASSO,One of several final classifiers,NR,NR,LASSO selection of 13 glycans,Training cohort,Logistic regression; Random Forest,964,NA,0,5-fold CV for SVM; independent cohort used only for logistic model,Internal only,Independent validation cohort existed but did not evaluate SVM,AUC=0.610; sensitivity=0.9608; specificity=0.2889 in training CV,Logistic regression: training AUC=0.842; independent validation AUC=0.860,Alternative model performed better,NR,NR,SVM not externally validated; model comparison/selection in training cohort,Large Chinese multicenter cohort; no demographic subgroup fairness results,AFP-negative status and clinical liver-disease groups,External validation of logistic model only,Supplementary information; code/raw data NR,Correct prior multi-omics label to single-omics glycomics. Report that SVM was substantially inferior to LR/RF.,Abstract; Methods pp.3-5; Results pp.6-8; Figure 3; performance table
S063,NR,Cancer Genomics & Proteomics,2012,Commercial-biobank case-control biomarker study,United States,United States,"Initial 828 records; complete model dataset 359 NSCLC, 177 asthma and 251 healthy controls",359,428,787,Asthma and healthy controls,Multiple tasks,Non-small cell lung cancer,Biobank diagnostic labels; pathology details NR,Molecular omics,Proteomics,Plasma,Multiplex immunoassay panels with mass-spectrometry discovery support,57 protein/peptide markers plus sex,All-marker panel and reduced sex-specific panels,Primary final classifier,RBF through R kernlab ksvm,NR,Forward sequential feature selection,Training/test split used; exact nesting of selection within training is incompletely described,No directly comparable final classifier,398,389,0,Random held-out test set,Internal only,Same commercial source; patient-level split,Three-class accuracy=0.94; NSCLC versus normal sensitivity=0.99 and specificity=0.95,All-marker plus sex SVM; reduced sex-specific panels reached perfect sensitivity,SVM was not directly compared,No,No,"Selected case-control spectrum, missing-data exclusions, reduced panels and perfect subgroup performance without external validation","Sex-specific models were evaluated, but race distributions differed markedly among disease groups and may confound results",No standard clinical test comparison,Internal validation only,Raw data/code NR,Fairness discussion should mention that sex-specific analysis does not resolve race/ancestry imbalance and may amplify overfitting.,Methods pp.2-4; Results pp.4-6; Tables III-IV
S064,10.14309/ctg.0000000000000003,Clinical and Translational Gastroenterology,2019,Eight-center case-control plasma-miRNA diagnostic study,Spain,Spain,"300 enrolled, 297 initially analyzed: 100 healthy, 101 advanced adenoma, 96 CRC; 221 retained for modeling after exclusions",197,100,297,Healthy controls,Early detection or screening,Colorectal cancer and advanced adenoma,Colonoscopy and histopathology,Molecular omics,Transcriptomics,Plasma,RT-qPCR of six miRNAs,6,miR-19a; miR-19b; miR-15b; miR-29a; miR-335; miR-18a,Primary final classifier,"Linear, radial and polynomial evaluated; radial selected",Radial model cost=0.50 and sigma=0.44 for primary CV model,"Multiple normalization, preprocessing and SVM-configuration combinations",Missing/outlier removal and preprocessing appear to precede repeated CV,Multiple SVM kernels/configurations; no alternative classifier,221,NA,0,Repeated 5-fold CV 10 times,Internal only,No external cohort; all model development and assessment in retained cohort,Cross-validated advanced-neoplasm AUC=0.79 (0.723-0.841),"Apparent full-data advanced-neoplasm AUC=0.92, but CV AUC=0.79 is the appropriate primary estimate",SVM was not directly compared,Brier score=0.116; no full calibration plot/slope,No decision-curve analysis,"29 missing-value and 47 outlier exclusions; 1,925 models; preprocessing likely outside CV; large gap between apparent and CV AUC",Age and cancer-stage subgroups described; no demographic fairness analysis,Colonoscopy as reference; no head-to-head screening comparator,Internal cross-validation only,Data/code NR,Use AUC 0.79 for semi-quantitative synthesis; apparent AUC 0.92-0.95 should be labeled training/apparent.,Methods pp.3-5; Results pp.5-7; Figures 2-3; Tables 2-3
S065,10.3389/fonc.2021.752651,Frontiers in Oncology,2021,Prospective single-center biomarker discovery with separate validation cohort,China,China,144 breast-cancer patients and 115 controls; training n=182 and validation n=77,144,115,259,Healthy and benign breast-disease controls,Cancer detection,Breast cancer,Clinical/pathologic diagnosis,Molecular omics,Transcriptomics,Plasma extracellular vesicles,RNA sequencing discovery and RT-qPCR verification,439 differentially expressed circRNAs; 20 upregulated candidates,Nine-circRNA BCExoC classifier,One of several final classifiers,Linear,NR,"RNA-seq differential analysis, qPCR screening and model comparison",Panel and model selected in training cohort; separate validation cohort used afterward,Logistic regression; linear discriminant analysis,182,NA,77,LOOCV training plus separate same-center validation,Internal and external,"Distinct samples and time/cohort, but same institution",Training LOOCV AUC=0.83; validation AUC=0.80,Nine-circRNA SVM had the largest training AUC among compared models,SVM performed best,No,No,Single-center case-control spectrum and model selection among candidate panels,No subgroup performance by age/sex/ethnicity,No standard biomarker head-to-head comparator,Separate same-center validation only,Sequencing/supplementary data reported; code NR,Country in S1 was incorrect; the study was conducted in China.,Abstract; Methods pp.3-5; Results pp.5-7; Figure 4
S067,10.1186/1471-2407-9-104,BMC Cancer,2009,Single-center case-control urinary metabolomics study,Germany,Germany,85 breast-cancer patients and 85 healthy female controls,85,85,170,Healthy controls,Cancer detection,Breast cancer,Clinical breast-cancer diagnosis; samples collected preoperatively,Molecular omics,Metabolomics,Spot urine,LC-ESI ion-trap mass spectrometry after boronate-affinity chromatography,"51 metabolites encoded into 1,190 pairwise ratios",44 metabolite-pair features,Primary classifier and black-box wrapper for OSAF feature selection,LibSVM; kernel NR,Grid search during each feature-set evaluation; exact values NR,OSAF followed by sequential backward selection,Feature selection and validation estimates were obtained on the same full cohort,Linear discriminant analysis; mutual-information analysis,NA,NA,0,10-fold CV and LOOCV,Internal only,Same 170 samples used for model/feature optimization and validation,"10-fold sensitivity=0.835, specificity=0.906, MCC=0.743; LOO sensitivity=0.835, specificity=0.859",44-pair OSAF/SBS SVM,SVM was not directly compared on a locked test set,No,No,"1,190 candidate encodings and wrapper selection on same cohort; no independent validation",All participants women; age/tumor stage reported; no fairness analysis,No CA15-3/CEA head-to-head diagnostic comparison,Internal validation only,Supplementary feature files available; wrapper code NR,"Despite wording that LOO is nearly unbiased, it is not unbiased if the full feature-selection search is not nested.",Methods pp.3-5; Results pp.6-7; Tables 2-3
S068,10.1002/jrs.2421,Journal of Raman Spectroscopy,2010,Single-center tissue spectroscopy diagnostic study,China,China,90 patients: 58 SCC and 32 oral leukoplakia; normal mucosa from surgical margins of 28 SCC patients; 186 spectra from 92 sections,58,32,90,Oral leukoplakia and normal oral mucosa,Multiple tasks,Oral squamous cell carcinoma,Experienced-pathologist histology according to WHO classification,Spectroscopy-derived data,Not conventional omics,FFPE oral tissue,Nicolet Nexus 670 FT-NIR Raman spectroscopy,937,Whole Raman spectrum after wavelet smoothing,Primary final classifier,Gaussian RBF,"C=3; kernel width sigma=1, 2 or 4 by task",No PCA; whole spectrum used after smoothing,"Training spectra used for LOOCV; blind calibration set held out, but patient-level separation unclear",No alternative classifier,120,66,0,LOOCV in training spectra plus blind calibration spectra,Internal only,Spectrum/section level; unclear whether spectra from the same patient crossed sets; normal margins were from SCC patients,Blind calibration accuracy: SCC-normal 0.9524; SCC-OLK 0.9318; OLK-normal 0.7391,SCC versus normal RBF SVM,SVM was not directly compared,No,No,"Spectrum-level unit, possible within-patient dependence, small sample and no external validation",Age/sex/site distributions reported; no subgroup performance,Histopathology reference only,Internal blind-calibration study,Raw spectra/code NR,"Classify as Raman spectroscopy, not proteomics. Use blind calibration rather than training-set metrics in synthesis.","Methods pp.2-3; Tables 1, 3 and 4; Results pp.3-4"
S069,10.3233/CBM-190694,Cancer Biomarkers,2020,Secondary analysis of public case-control transcriptomic data with small qRT-PCR confirmation,China,Public TCGA dataset; qRT-PCR cohort China,500 HNSCC and 44 adjacent normal TCGA tissues; six paired tissues for qRT-PCR,500,44,544,Adjacent normal tissue,Diagnostic and prognostic,Head and neck squamous cell carcinoma,TCGA labels; pathology details/blinding NR,Molecular omics,Transcriptomics,Tumor and adjacent-normal tissue,TCGA RNA-seq; qRT-PCR,"3,363 DEmRNAs and multiple DElncRNAs",13 lncRNAs,One of several final classifiers,NR,NR,Differential expression; random-forest importance; forward-wrapper SVM panel growth,Feature discovery and panel selection appear to use the complete TCGA cohort,Random forest; decision tree,NA,NA,0,10-fold cross-validation on same cohort; qRT-PCR expression confirmation,Internal only,No independent classifier cohort; qRT-PCR did not assess predictions,AUC=0.983; sensitivity=0.962; specificity=0.955,SVM and random forest both AUC=0.983,SVM was comparable,No,No,Full-cohort differential expression/feature ranking and same-data ROC; no nested or external model validation,TCGA demographics not analyzed; no fairness subgroups,No clinical comparator,Retrospective model development,TCGA public; code NR,Diagnostic portion only. Do not treat qRT-PCR as external classifier validation.,Abstract; Methods sections 2.1-2.7; Results sections 3.3-3.6; Figure 4
S070,10.1002/mgg3.1512,Molecular Genetics & Genomic Medicine,2020,Secondary analysis of public case-control transcriptomic data with expression validation,China,Public TCGA/GEO datasets; qRT-PCR cohort China,375 STAD and 32 adjacent normal TCGA tissues; GSE27342 80/80; six paired qRT-PCR tissues,375,32,407,Adjacent normal tissue,Diagnostic and prognostic,Stomach adenocarcinoma,TCGA/GEO labels; pathology details/blinding NR,Molecular omics,Transcriptomics,Gastric tumor and adjacent-normal tissue,TCGA RNA-seq; GEO microarray; qRT-PCR,814 DEmRNAs and 106 DElncRNAs,3 lncRNAs,One of several final classifiers,NR,NR,LASSO; elastic net; random-forest importance; forward-wrapper SVM,Feature discovery and classifier performance used the same TCGA cohort,Random forest; decision tree,NA,NA,0,10-fold cross-validation on TCGA; GEO/qRT-PCR expression confirmation,Internal only,Independent data did not evaluate classifier performance,AUC=0.983; sensitivity=0.971; specificity=0.969,SVM AUC=0.983; random forest AUC=0.981,SVM performed best,No,No,High-dimensional feature selection on full cohort; no independent model validation,Demographics/fairness NR,No clinical comparator,Retrospective model development,TCGA/GEO public; code NR,"Use only diagnostic results; external sources validate expression, not the SVM.",Abstract; Methods sections 2.1-2.8; Results sections 3.2-3.6; Figure 3
S071,10.3389/fgene.2020.572284,Frontiers in Genetics,2020,Transcriptomic meta-analysis and multi-dataset classifier study,United States,Public international datasets,995 unique profiles across 18 unique datasets after removing one duplicated dataset entry,,,995,Normal pancreas; chronic pancreatitis; PDAC precursors,Multiple tasks,Pancreatic ductal adenocarcinoma and precursor lesions,Public-dataset diagnostic labels; blinding NR,Molecular omics,Transcriptomics,Tissue; peripheral blood; platelets,Multiple microarray platforms and RNA-seq,Meta-analysis candidates across 19 listed datasets,9 genes,Primary final classifier,Polynomial,Cost/gamma optimized by 10-fold CV; exact values NR,"Meta-analysis, concordant differential expression and secretory-protein filtering","Five training datasets used to derive panel; independent datasets then evaluated, commonly with within-dataset LOOCV",Random forest,145,NA,850,Training-set LOOCV and evaluation/LOOCV across independent public datasets,Internal and external,"Datasets are independent, but SVM appears refit/evaluated within each dataset; E-GEOD-62452 appears twice",Dataset AUCs 0.80-1.00; median near 0.95 across Table 2,Nine-gene SVM outperformed random forest,SVM performed best,No,No,Potential optimism from repeated panel selection and within-dataset refitting; duplicate dataset counting; no prospectively recruited cohort,Heterogeneous platforms and specimens; demographic subgroup performance NR,"Compared descriptively with CA19-9 and published biomarkers, not head-to-head",Retrospective public-dataset validation,Accession numbers public; code NR,"The authors label four sets prospective validation, but these are existing public datasets.",Methods pp.3-5; Tables 1A-1B and 2; Figures 2-5
S072,10.1016/j.bbagen.2023.130438,Biochimica et Biophysica Acta - General Subjects,2023,Prospective case-control spectroscopy study,Turkey,Turkey,85 primary myelofibrosis patients and 45 healthy controls,85,45,130,Healthy controls,Cancer detection,Primary myelofibrosis,2016 WHO classification of PM,Spectroscopy-derived data,Not conventional omics,Dried blood serum,FTIR spectroscopy; PCA; GS-SVM,FTIR spectra,"FTIR fingerprint, protein and lipid regions",Primary final classifier,NR,Optimized by grid search,PCA; spectral range selection,Unclear,PCA,NR,NR,NA,Grid-search SVM; validation details unclear in available text,Internal only,Unclear; no external cohort reported,Accuracy=0.923-1.00 depending on FTIR range,GS-SVM; accuracy range 0.923-1.00,SVM performed best,NR,NR,Validation procedure unclear; risk of overfitting from spectral-range/model selection,NR,WHO diagnostic criteria described; not directly benchmarked,Prospective validation claimed but not clinical deployment,NR,Spectroscopy-derived subgroup.,Text abstract; Study population section
S073,NR,Zhonghua Zhong Liu Za Zhi,2007,Case-control diagnostic model development,China,China,36 ESCC cases and 38 healthy controls in a high-incidence area,36,38,74,Healthy controls,Early detection or screening,Esophageal squamous cell carcinoma,NR in abstract,Molecular omics,Proteomics,Serum,SELDI-TOF-MS; CM10 ProteinChip,31 differential protein peaks,4 protein peaks,Primary final classifier,NR,NR,Protein peak selection,Unclear,None reported,NR,NA,NA,Leave-one-out cross-validation,Internal only,LOOCV; no external cohort,Accuracy=0.851; sensitivity=0.861; specificity=0.842; PPV=0.838 [LOOCV],SVM model with 4 protein peaks,SVM was not directly compared,NR,NR,Small sample; feature selection timing unclear; LOOCV only,NR,NR,Retrospective model development only,NR,Abstract-only but SVM metrics are extractable.,Abstract only
S074,10.2217/bmm-2018-0273,Biomarkers in Medicine,2019,Secondary analysis of two public paired-tissue microarray datasets,China,Public GEO datasets,GSE15471: 39 paired PDAC/normal; GSE28735: 45 paired PDAC/normal,84,84,168,Adjacent normal pancreatic tissue,Cancer detection,Pancreatic ductal adenocarcinoma,Public GEO labels,Molecular omics,Transcriptomics,Pancreatic tumor and adjacent-normal tissue,GEO microarrays,730 pancreatic-cancer-specific genes,7 genes,Primary classifier and SVM-RFE feature selector,Linear,Optimized by 5-fold CV; exact parameters NR,SVM-RFE and LDM-RFE rankings combined; permutation/resampling repeated 60 times,Training data used in repeated feature-ranking; external assessment details not fully specified,LDM; back-propagation neural network,78,NA,90,5-fold CV/repeated resampling in GSE15471; GSE28735 assessment,Internal and external,GSE28735 independent; locked transfer versus retraining unclear,External accuracy approximately 0.80; exact SVM-specific value NR,Combined-ranking seven-gene models performed best,Insufficient information,No,No,"Small paired datasets, extensive repeated feature search and approximate external reporting",Demographics/fairness NR,No clinical comparator,Retrospective public-dataset validation,GEO public; code NR,Use external performance cautiously; exact SVM-specific result is not tabulated.,Methods pp.4-8; Evaluation section; Results/Figures 3-5
S075,10.3390/molecules27185904,Molecules,2022,Single-center case-control biomarker-development study,Thailand,Thailand,"Model cohort: 26 CCA, 17 disease controls, 20 healthy; discovery pools involved 27 participants",26,37,63,Disease controls and healthy controls,Cancer detection,Cholangiocarcinoma,Clinical/pathologic diagnosis; blinding NR,Molecular omics,Proteomics,Plasma,LC-MS/MS discovery; ELISA final biomarker measurements,Discovery proteome candidates,7 proteins,One of several final classifiers,Linear and radial SVM tested,Tuned within caret 10-fold CV; exact values NR,Proteomics candidate selection and panel construction,Discovery preceded model cohort; 70/30 split and model selection within same study,Bayesian GLM; GLM; KNN; naive Bayes; neural network; PLS; random forest,45,18,0,10-fold CV on training plus held-out same-cohort test,Internal only,Patient-level split; no independent center/cohort,Linear SVM All-7 AUC=0.961 (95% CI 0.885-1.000),Linear SVM was best for All-7; PLS best for Sig-4,SVM performed best for All-7,No,No,Small test set and selection among multiple panels/models; discovery-pool overlap unclear,Demographic subgroup performance NR,No established clinical biomarker head-to-head,Internal validation only,Data availability stated; code NR,Requires full-sized prospective validation as authors acknowledge.,Abstract; Methods sections 2.1-2.8; Results tables/ROC figures
S077,10.1002/ijc.33675,International Journal of Cancer,2021,Single-center prospective recruitment with retrospective model analysis,China,China,283 analyzable patients: 183 lung cancer and 100 benign pulmonary lesions,183,100,283,Benign pulmonary lesions,Cancer detection,Lung cancer,Pathologic/clinical diagnosis,Mixed data,Transcriptomics,Bronchial brush specimens,RNA-seq plus chest CT and clinical data,90 cancer-associated genes plus CT/clinical variables,Selected gene panel plus CT/clinical variables,Primary final classifier,Sigmoid,Tuned with 10-fold CV; exact values NR,Wilcoxon filtering and SVM-RFE,Feature selection/tuning and evaluation were within the same cohort,CT-only model,NA,NA,0,10-fold cross-validation,Internal only,Patient-level cohort; no independent external data,"Advanced SVM AUC=0.903, sensitivity=0.900, specificity=0.732, PPV=0.851, NPV=0.811",Advanced combined SVM slightly exceeded gene-only SVM,SVM performed best among reported integrated variants,No,No,Same-cohort feature selection and CV; no nested or external validation; 45 participants excluded,"Subgroup results for smoking, stage and lesion features; no formal fairness analysis",CT-only comparator,Internal validation only,Data/code availability NR,"Mixed transcriptomics plus imaging/clinical data, not multi-omics.",Methods participant/model sections; Results/Table 2; subgroup figures
S078,10.1159/000487571,Cellular Physiology and Biochemistry,2018,Single-center case-control cfDNA diagnostic study,China,China,32 CRC and 38 healthy controls,32,38,70,Healthy controls,Cancer detection,Colorectal cancer,Pathologically confirmed CRC; healthy controls,Molecular omics,Genomics,Plasma cfDNA,Shallow whole-genome sequencing,Arm-level CNV features,Chromosome-arm CNV pattern,Primary final classifier,NR,NR,Arm-level copy-number feature construction,Training/test split performed before final evaluation; feature design may use biological prior knowledge,Regular z-score rule,40,30,0,Random 40/30 train-test split,Internal only,Same-center patient-level split,Test AUC=0.8796; sensitivity=0.917; specificity=0.889; accuracy=0.900,SVM outperformed regular z-score rule,SVM performed best,No,No,Very small test cohort; only five early-stage cases; no external validation,Age/sex matching stated; no subgroup fairness analysis,Regular z-score CNV rule,Internal validation only,Data/code NR,Early-stage sensitivity of 1.00 is based on only five test cases.,Methods pp.1445-1447; Results Tables 2-3 and ROC section
S079,NR,Journal of BUON,2017,Secondary analysis of one public saliva microarray dataset,China,Public ArrayExpress dataset,63 gastric cancer and 31 healthy controls,63,31,94,Healthy controls,Cancer detection,Gastric cancer,Public dataset labels,Molecular omics,Transcriptomics,Saliva,Microarray E-GEOD-64951,"20,541 genes",5 genes,Primary final classifier,Linear,NR,"Differential expression, mutual-information network and gene-panel derivation",Feature discovery appears to use all samples before random 60/40 split,Alternative SVM feature panels,60% of cohort,40% of cohort,0,5-fold CV on training and held-out same-dataset test,Internal only,Same public dataset; split independence at participant level likely but not explicitly audited,Five-gene panel AUC=0.99; sensitivity=0.98; specificity=1.00; MCC=0.95,Five key genes outperformed other feature sets,SVM was not directly compared with a different classifier,No,No,Strong leakage risk from full-dataset feature discovery and network analysis before split,Demographics/fairness NR,No clinical comparator,Retrospective model development,ArrayExpress public; code NR,High performance should be discussed as potentially optimistic.,Methods data preprocessing/network/SVM sections; Results Tables/Figures
S080,10.1016/j.pdpdt.2021.102199,Photodiagnosis and Photodynamic Therapy,2021,Single-center case-control spectroscopy classification study,China,China,114 controls; 35 stage I; 43 stage II; 29 stage III/IV,107,114,221,Healthy controls and cancer stages,Multiple tasks,Breast cancer stage classification,Clinical/pathologic stage; blinding NR,Spectroscopy-derived data,Not conventional omics,Serum,FT-IR spectroscopy,Full FT-IR spectra,37-54 PLS components depending on model,Primary final classifier,Gaussian/RBF,"C and gamma tuned using grid search, genetic algorithm or particle-swarm optimization","SNV preprocessing, PLS component search and class rebalancing",Training split used for CV/tuning; repeated test/model selection appears extensive,KNN; extreme learning machine,70%,30%,0,Random 70/30 split; 5-fold CV; repeated experiments,Internal only,Same-center sample split,Best oversampling GS-SVM accuracy=0.9545; best undersampling GA-SVM accuracy=1.00,GA-SVM after undersampling had perfect reported average accuracy,SVM performed best,No,No,"Multiple optimizers, up to 60 PLS components, two balancing approaches and selection of best result; no external validation",No demographic subgroup performance,No clinical comparator,Internal validation only,Data/code NR,Spectroscopy subgroup; do not pool as molecular omics.,Methods preprocessing/model sections; Results Tables 5-6
S083,10.3748/wjg.v10.i21.3127,World Journal of Gastroenterology,2004,Single-center case-control serum-proteomics study,China,China,55 CRC; 35 colorectal adenoma; 92 healthy controls,55,127,182,Colorectal adenoma for eligible SVM task; healthy controls for ANN task,Differential diagnosis,Colorectal cancer,Clinical/pathologic diagnoses; blinding NR,Molecular omics,Proteomics,Serum,SELDI-TOF mass spectrometry,235 peaks for CRC versus adenoma,7 peaks,Primary final classifier for CRC versus adenoma,Linear,C=1,Peak ranking by P value and sequential panel construction,Peak ranking/panel selection appears outside or before repeated CV,Integrated ANN for CRC versus healthy,60,30,0,Repeated three-fold CV/blind test,Internal only,Same-center internal resampling,Accuracy=0.867; sensitivity=0.89; specificity=0.83; PPV=0.89,SVM seven-peak panel for CRC versus adenoma,SVM was not directly compared on the same task,No,No,Feature/panel selection not clearly nested; small case-control dataset; no external validation,Stages reported; no demographic fairness analysis,"CEA assessed descriptively, not as matched classifier comparator",Internal validation only,Data/code NR,Separate the ANN CRC-vs-healthy results from the eligible SVM CRC-vs-adenoma results.,Abstract; Methods SVM/bioinformatics sections; Results Tables 2 and 4
S084,10.1631/jzus.2005.B0227,Journal of Zhejiang University SCIENCE,2005,Single-center case-control serum-proteomics study,China,China,32 ovarian cancer and 29 healthy women; article Methods contains a conflicting statement of 31 cases,32,29,61,Healthy controls,Cancer detection,Ovarian cancer,Pathologically confirmed cancer; age/sex-matched controls,Molecular omics,Proteomics,Serum,SELDI-TOF mass spectrometry,Detected spectral peaks between 2 and 30 kDa,5 peaks,Primary final classifier,RBF,Gamma=0.6; C=19,ROC ranking and sequential addition of peaks,Peak ranking and panel selection appear to use the full cohort before/alongside CV,None reported,55 per fold,6 per fold,0,10-fold cross-validation,Internal only,Same-center CV; no independent cohort,Sensitivity=0.967; specificity=0.967; PPV=0.967; accuracy=0.967,Five-peak RBF SVM,SVM was not directly compared,No,No,Small cohort; non-nested sequential feature selection; no external validation; internal case-count inconsistency,Median age 57 in cancer group; matched healthy women; no subgroup fairness analysis,CA125 discussed but not tested head-to-head,Internal validation only,Code based on OSU_SVM shareware; raw data NR,Stage counts sum to 32 despite Methods saying 31; use 32 because abstract and total N=61 support it.,Abstract; Methods SVM/feature-selection sections; Results Table 2
S085,10.1136/gutjnl-2019-318860,Gut,2020,Multicenter retrospective case-control diagnostic study,China,China,"284 PDAC, 100 chronic pancreatitis and 117 healthy participants across three centers",284,217,501,Chronic pancreatitis and healthy controls,Cancer detection and differential diagnosis,Pancreatic ductal adenocarcinoma,Histopathology/clinical diagnosis; samples collected before treatment,Molecular omics,Transcriptomics,Plasma extracellular vesicles,Illumina 150-bp paired-end exLR sequencing; RT-qPCR,">10,000 detectable exLRs",8 exLRs,Primary final classifier,NR,Gamma and cost tuned by five-fold CV in training; then fixed,Differential expression; TCGA/GTEx filtering; repeated LASSO; random-forest OOB importance,Training cohort only,CA19-9; d-signature plus CA19-9,188,135,178,Locked model applied to internal and independent multicenter external cohorts,Internal and external,External cohort from different centers and later time period,External PDAC vs CP+healthy: AUC=0.936 (95% CI 0.889-0.983); sensitivity=0.9368; specificity=0.9157; accuracy=0.9269,Standalone d-signature strong; d-signature+CA19-9 external PDAC-vs-CP AUC=0.942,No alternative ML classifier; d-signature outperformed CA19-9 for PDAC-vs-CP,No,Decision-curve analysis reported for d-signature plus CA19-9,Low leakage concern because selection used training only and parameters were locked; case-control spectrum and no calibration remain,Age/sex/stage reported; no demographic subgroup performance,CA19-9,Retrospective development with multicenter external validation,GEO GSE133684; classifier/code link reported in article,True external SVM validation. Retain as a key higher-quality study.,Abstract; Patients and methods pp.2-4; Table 1; Figure 3; Table 3
S086,10.3390/s20051528,Sensors,2020,Secondary analysis of a public multiclass platelet RNA-seq dataset,China,Public GEO dataset; original cohort Netherlands,55 healthy donors and 230 patients across six cancer classes,230,55,285,Healthy donors and other cancer classes,Multiclass cancer detection/subtype classification,"Breast, colorectal, NSCLC, glioblastoma, pancreatic and hepatobiliary cancers",GEO dataset labels,Molecular omics,Transcriptomics,Platelets,RNA sequencing; GEO GSE68086,57737,"1,809-3,876 after ANOVA; final class-specific subsets vary",Primary final classifier (EPSVM),Gaussian/RBF,"Grid search for C and gamma; five-fold CV; alpha 0.1, 0.5 or 0.9",ANOVA prefilter; class-specific elastic net; comparison with SVM-RFE and ReliefF,ANOVA appears before splitting; elastic-net subsets evaluated in training,SVM-RFE+SVM; ReliefF+SVM,Two-thirds per class (about 190 in Data15),Remaining one-third (about 95 in Data15),0,"Repeated two-thirds/one-third same-dataset holdout, 30 repetitions; five-fold CV for tuning",Internal only,Same GEO dataset; not an external cohort,Data15 seven-class EPSVM alpha=0.1 mean NER=0.8133,EPSVM; best alpha varied by dataset,EPSVM generally outperformed SVM-RFE+SVM and ReliefF+SVM,No,No,ANOVA filtering apparently used the entire dataset; no external cohort; repeated model selection,Class imbalance considered by NER; demographic fairness not assessed,None,Public-dataset method development,GEO GSE68086; code NR,"Authors call the test samples independent, but they are random holdouts from the same dataset.",Methods sections 4.1.2 and 4.2; Tables 2 and 6
S091,10.1039/d3ra05723b,RSC Advances,2024,Retrospective case-control spectroscopy method-development study,Singapore,Singapore,44 malignant and 47 benign breast cases,44,47,91,Benign breast disease,Differential diagnosis,Breast cancer,Histopathology,Spectroscopy-derived data,Not conventional omics,Serum total-RNA extracts,ATR-FTIR and SERS,Full spectra,PCA components; exact number NR,One of several final classifiers; selected best for ATR-FTIR and multimodal data,NR,NR,Spectral preprocessing and PCA,PCA nesting relative to split/CV unclear,KNN and 30 other algorithms,61-86,5-30,0,Six same-cohort holdout ratios; each repeated three times; ten-fold CV in training+validation,Internal only,Random same-cohort test samples,Multimodal SVM AUC=0.9979 at 86/5 split; AUC=0.8571 at 61/30 split,SVM for multimodal/ATR-FTIR; KNN for SERS,SVM performed best for the multimodal dataset,No,No,"Best result chosen across 32 algorithms, six split ratios and three repeats; five-sample test set; PCA nesting unclear",No subgroup/fairness analysis,Histopathology reference only,Retrospective proof-of-concept,Data/code NR,Average accuracy/sensitivity/specificity values summarize the multimodal workflow and are not always clearly tied to one fixed SVM split.,Abstract; Methods sections 2.2-2.4; Table 1; Figure 5
S094,10.21037/atm.2020.01.93,Annals of Translational Medicine,2020,Multicenter case-control transcriptomic discovery and qPCR model-development study,China,China,"Microarray: 38 HCC, 29 chronic hepatitis, 31 cirrhosis; qPCR: 100 HCC, 104 chronic hepatitis, 112 cirrhosis",138,276,414,Chronic hepatitis and liver cirrhosis,Cancer detection,Hepatocellular carcinoma,Histology or typical guideline-based imaging,Molecular omics,Transcriptomics,Peripheral whole blood,Affymetrix microarray; qPCR,7127,22,Primary final classifier (Lasso-SVM),Linear,C tuned during repeated CV; exact final value NR,mRMR-SVM and Lasso-SVM in microarray; 43 candidates entered qPCR and Lasso-SVM selected 22,Nested within LOOCV for microarray; final qPCR signature selected within the qPCR cohort,mRMR-SVM variant; AFP comparator,98 discovery; 316 qPCR model-development,LOOCV and ten-fold CV,0,Nested LOOCV in microarray and ten-fold CV in qPCR cohort,Internal only,qPCR cohort was not a locked external model test because the final signature was reselected/refit,qPCR cohort: AUC=0.940 (95% CI 0.908-0.964); sensitivity=0.880; specificity=0.883,22-gene Lasso-SVM; AFP AUC=0.684,SVM signature outperformed AFP; no alternative ML comparison,No,No,Final feature set selected in qPCR cohort; no locked external model; possible cohort overlap unclear,HBV/HCV status and tumor size reported; no demographic subgroup performance,AFP,Retrospective multicenter development with internal resampling,Data/code NR,Do not classify the qPCR cohort as external SVM validation.,Methods pp.2-4; Figure 1; Results pp.3-7; Figure 3
S096,10.1117/1.JBO.24.9.095001,Journal of Biomedical Optics,2019,Ex vivo diagnostic-accuracy spectroscopy study,China,China,95 tissue samples represented by 241 spectra: 20 normal/negative-control samples and 75 glioma samples across grades I-IV,75,20,95 samples; 241 spectra,Normal brain tissue and negative tumor margins,Cancer detection and grade classification,Glioma,H&E histopathology,Spectroscopy-derived data,Not conventional omics,Ex vivo brain tissue,532-nm visible resonance Raman spectroscopy,Spectral intensities from 400-4000 cm-1,"PC1, PC2 and PC6 for best binary classifier",Primary final classifier,Linear,NR,Baseline removal; normalization; PCA; multiple PC combinations tested,PCA and PC-combination selection appear to precede LOOCV,None reported,Leave-one-spectrum-out,241,0,Resubstitution and leave-one-spectrum-out CV,Internal only,Multiple spectra and tissue samples from the same patient could be treated as separate cases,PC1+PC2+PC6 LOOCV: sensitivity=1.000; specificity=0.963; accuracy=0.996; AUC approximately 1.0,"Linear PCA-SVM using PC1, PC2 and PC6",No alternative classifier,No,No,Spectrum-level rather than patient-level CV; PCA/feature choice not nested; near-perfect internal performance,Patient demographics NR,Histopathology gold standard,Ex vivo proof-of-concept,Data/code NR,"Classify as spectroscopy, not proteomics. Do not call LOOCV external validation.",Abstract; sections 2.6-2.7; Figures 3-5; Methods 4.1-4.4
